Country,Year,Status,Life expectancy ,Adult Mortality,infant deaths,Alcohol,percentage expenditure,Hepatitis B,Measles , BMI ,under-five deaths ,Polio,Total expenditure,Diphtheria , HIV/AIDS,GDP,Population, thinness  1-19 years, thinness 5-9 years,Income composition of resources,Schooling
Algeria,2015,Developing,75.6,19,21,,0,95,63,59.5,24,95,,95,0.1,4132.76292,39871528,6,5.8,0.743,14.4
Algeria,2014,Developing,75.4,11,21,0.01,54.2373183,95,0,58.4,24,95,7.21,95,0.1,547.8517,39113313,6,5.8,0.741,14.4
Algeria,2013,Developing,75.3,112,21,0.53,544.4507432,95,25,57.2,24,95,7.12,95,0.1,5471.866766,38338562,5.9,5.8,0.737,14.4
Algeria,2012,Developing,75.1,113,21,0.66,555.9260834,95,18,56.1,24,95,6.14,95,0.1,5564.82566,37565847,5.9,5.8,0.732,14.4
Algeria,2011,Developing,74.9,116,21,0.56,509.0020405,95,112,55,24,95,5.29,95,0.1,5432.2523,36819558,5.9,5.8,0.724,14
Algeria,2010,Developing,74.7,119,21,0.45,430.7175861,95,103,53.9,24,95,5.12,95,0.1,4463.394675,36117637,5.9,5.8,0.714,13.6
Algeria,2009,Developing,74.4,123,20,0.5,352.0636419,94,107,52.8,23,94,5.36,95,0.1,3868.83123,3546576,6,5.9,0.705,13.1
Algeria,2008,Developing,74.1,126,20,0.46,43.08717334,91,217,51.8,23,92,4.2,93,0.1,495.254866,3486715,6,5.9,0.697,12.6
Algeria,2007,Developing,73.8,129,20,0.44,320.3239241,9,0,5.8,23,95,3.82,95,0.1,3935.183343,34376,6,5.9,0.69,12.3
Algeria,2006,Developing,73.4,132,20,0.36,270.2401962,8,944,49.8,23,95,3.36,95,0.1,3464.6179,33777915,6.1,6,0.686,12.3
Algeria,2005,Developing,72.9,136,19,0.5,2.548922758,83,2302,48.9,22,88,3.24,88,0.1,31.122378,33288437,6.1,6,0.68,12
Algeria,2004,Developing,72.3,14,19,0.45,220.393699,81,3289,47.9,23,86,3.54,86,0.1,2598.9823,3283196,6.2,6.1,0.673,11.7
Algeria,2003,Developing,71.7,146,20,0.34,25.0185226,,15374,47,23,87,3.6,87,0.1,294.33556,3243514,6.3,6.1,0.663,11.5
Algeria,2002,Developing,71.6,145,20,0.36,148.5119843,,5862,46.1,23,86,3.73,86,0.1,1774.33673,3199546,6.3,6.2,0.653,11.1
Algeria,2001,Developing,71.4,145,20,0.23,147.9860714,,2686,45.3,24,89,3.84,89,0.1,1732.857979,31592153,6.4,6.3,0.644,10.9
Algeria,2000,Developing,71.3,145,21,0.25,154.4559436,,0,44.4,25,86,3.49,86,0.1,1757.17797,3118366,6.5,6.4,0.636,10.7
Angola,2015,Developing,52.4,335,66,,0,64,118,23.3,98,7,,64,1.9,3695.793748,2785935,8.3,8.2,0.531,11.4
Angola,2014,Developing,51.7,348,67,8.33,23.965612,64,11699,22.7,101,68,3.31,64,2,479.31224,2692466,8.5,8.3,0.527,11.4
Angola,2013,Developing,51.1,355,69,8.1,35.95857279,77,8523,22.1,105,67,4.26,77,2.3,484.616884,2599834,8.6,8.5,0.523,11.4
Angola,2012,Developing,56,358,72,8.24,256.1225243,75,4458,21.5,110,75,3.3,75,2.6,4598.249988,259615,8.8,8.6,0.508,10.3
Angola,2011,Developing,51,361,75,8.06,239.8913921,72,1449,21,115,73,3.38,71,2.5,4299.12889,24218565,8.9,8.8,0.495,9.4
Angola,2010,Developing,49.6,365,78,7.8,191.6537407,77,1190,2.4,121,81,3.39,77,2.5,3529.53482,23369131,9.1,9,0.488,9
Angola,2009,Developing,49.1,369,81,7.01,212.9229325,61,2807,19.8,127,63,4.37,6,2.5,3347.84485,22549547,9.3,9.2,0.48,8.5
Angola,2008,Developing,48.7,371,84,7.07,249.9101958,69,265,19.3,133,65,3.84,69,2.6,3868.578883,2175942,9.5,9.4,0.468,8.1
Angola,2007,Developing,48.2,375,87,6.35,184.8213446,73,1014,18.8,138,75,3.38,73,2.6,2878.837144,2997687,9.6,9.6,0.454,7.7
Angola,2006,Developing,47.7,381,90,5.84,25.08688824,,765,18.2,143,36,4.54,34,2.5,262.415149,2262399,9.8,9.7,0.439,7.2
Angola,2005,Developing,47.4,382,92,5.04,98.19145117,,258,17.7,148,39,4.1,38,2.6,1443.991929,19552542,1,9.9,0.426,6.8
Angola,2004,Developing,47.1,386,94,3.53,8.8667775,,29,17.2,152,4,4.71,4,2.5,141.86844,18865716,1.2,1.1,0.415,6.4
Angola,2003,Developing,46.8,388,95,3.49,35.93349121,,1196,16.8,155,4,4.41,4,2.4,779.468356,1823369,1.4,1.3,0.406,5.9
Angola,2002,Developing,46.5,391,96,2.82,24.037942,,11945,16.3,157,37,3.63,41,2.3,711.181716,17572649,1.5,1.5,0.401,5.5
Angola,2001,Developing,45.7,44,97,2.58,30.35993647,,9046,15.8,159,41,5.38,38,2.1,526.168743,16983266,1.7,1.7,0.391,5.1
Angola,2000,Developing,45.3,48,97,1.85,15.88149254,,2219,15.4,160,3,2.79,28,2,555.2969419,1644924,1.9,1.9,0.382,4.6
Benin,2015,Developing,60,249,25,,0,82,55,25.7,39,78,,82,1,783.94791,1575952,6.9,6.8,0.481,10.7
Benin,2014,Developing,59.7,252,25,0.01,90.12206791,78,786,25.2,39,74,4.59,78,1.1,943.686575,1286712,7.1,6.9,0.475,10.7
Benin,2013,Developing,59.5,251,25,0.01,87.4080423,77,637,24.6,39,73,4.59,77,1.2,915.2674586,14451,7.2,7.1,0.466,10.3
Benin,2012,Developing,59.3,251,25,0.01,9.80407467,8,288,24.1,39,8,4.86,8,1.3,837.9551,972916,7.4,7.3,0.458,10
Benin,2011,Developing,59.1,251,25,1.4,110.2633619,75,426,23.5,39,77,5.37,75,1.4,825.9427854,94682,7.6,7.5,0.454,9.8
Benin,2010,Developing,58.7,254,25,1.33,94.25737917,76,392,23,39,77,4.95,76,1.4,757.695974,9199259,7.8,7.6,0.451,9.5
Benin,2009,Developing,58.4,259,25,1.16,71.01399249,79,1461,22.5,39,8,4.46,79,1.6,793.45243,894476,7.9,7.8,0.448,9.3
Benin,2008,Developing,57.6,278,25,1.28,7.615430126,75,928,22,39,77,4.2,75,1.8,82.1513498,8696916,8.1,8,0.444,9.1
Benin,2007,Developing,57.1,283,25,1.12,7.49281752,82,341,21.5,39,82,4.55,82,2,76.535419,8454791,8.3,8.2,0.438,8.9
Benin,2006,Developing,56.8,284,25,1.19,75.91429496,74,176,21,39,76,4.75,74,2,625.8392,8216896,8.5,8.4,0.434,8.7
Benin,2005,Developing,56.5,285,25,1.13,7.106997355,7,210,2.5,39,73,4.73,7,2.1,61.799977,7982225,8.7,8.6,0.43,8.5
Benin,2004,Developing,56.1,285,25,1.15,10.73628066,75,262,2.1,39,74,4.56,72,2.1,583.493514,7754,8.9,8.8,0.423,8.1
Benin,2003,Developing,55.8,285,25,1.35,8.931827297,73,217,19.7,40,75,4.63,73,2.1,519.2922847,752555,9.1,9,0.416,7.7
Benin,2002,Developing,55.6,283,25,1.23,40.48815233,15,1588,19.2,40,76,4.27,75,2.1,418.6985763,7295394,9.3,9.2,0.407,7.3
Benin,2001,Developing,55.5,281,25,1.29,45.33476384,,5859,18.8,40,77,4.69,76,2.1,378.73654,776733,9.5,9.4,0.395,6.6
Benin,2000,Developing,55.4,279,25,1.34,37.38182018,,4244,18.4,40,78,4.34,78,2,374.1923942,6865951,9.7,9.6,0.389,6.4
Botswana,2015,Developing,65.7,256,2,,0,95,0,37.9,2,96,,95,2.2,6532.651,229197,6.4,6.1,0.698,12.6
Botswana,2014,Developing,65.1,268,2,0.01,662.802194,95,1,37.3,2,96,5.41,95,2.3,7497.762376,2168573,6.7,6.4,0.697,12.6
Botswana,2013,Developing,64.2,286,2,0.01,1.117811275,95,1,36.8,2,96,5.84,95,2.8,77.625783,212857,7,6.7,0.693,12.6
Botswana,2012,Developing,63.4,3,2,0.01,12.83447357,95,7,36.2,3,96,6.27,95,4.4,729.231453,289315,7.3,7,0.687,12.5
Botswana,2011,Developing,62.2,325,2,5.76,668.9562854,95,8,35.7,3,96,5.25,95,5.5,7645.21469,251339,7.7,7.4,0.678,12.4
Botswana,2010,Developing,61.1,349,2,5.99,547.0386679,95,853,35.2,3,96,5.64,95,6.2,6346.15624,214866,8,7.8,0.669,12.3
Botswana,2009,Developing,59.2,393,2,5.01,426.7855662,94,184,34.7,3,96,6.39,96,9,5185.729845,1979882,8.4,8.2,0.661,12.2
Botswana,2008,Developing,57.5,427,2,6.56,476.8625872,94,0,34.2,3,96,5.55,96,12.7,5623.379566,1946351,8.8,8.6,0.646,12.1
Botswana,2007,Developing,56.9,436,2,6.21,512.5887995,93,1,33.7,3,96,4.71,96,13.4,5714.47937,1914414,9.2,9,0.63,12.1
Botswana,2006,Developing,54.8,491,2,6.45,76.31867911,93,6,33.2,3,96,4.93,96,14.4,5374.554867,1884238,9.6,9.4,0.61,11.9
Botswana,2005,Developing,51.7,566,2,6.37,629.8425643,92,5,32.7,3,96,5.62,96,20.6,5351.253732,1855852,1,9.9,0.593,11.9
Botswana,2004,Developing,48.1,652,2,4.9,469.5823898,91,1,32.2,4,96,5.56,96,28.4,4896.583835,182933,1.5,1.4,0.58,11.8
Botswana,2003,Developing,46.4,693,2,5.51,299.3671252,9,59,31.6,4,96,4.65,96,31.9,4163.6596,184339,1.9,1.8,0.567,11.8
Botswana,2002,Developing,46,699,2,6.41,6.3300072,88,7,31.1,4,97,6.47,97,34.6,355.618382,1779953,11.4,11.3,0.558,11.9
Botswana,2001,Developing,46.7,679,2,5.48,306.9527349,87,1,3.5,4,97,5.73,97,37.2,3128.97793,1754935,11.8,11.8,0.56,11.8
Botswana,2000,Developing,47.8,647,2,5.37,250.8916484,86,2672,29.9,4,97,4.64,97,38.8,3349.68823,172834,12.3,12.2,0.559,11.7
Burkina Faso,2015,Developing,59.9,26,38,,0,91,99,19.4,61,91,,91,0.6,615.592225,1811624,8,7.5,0.399,7.7
Burkina Faso,2014,Developing,59.3,268,39,0.01,8.386339501,91,343,18.8,63,91,4.96,91,0.6,75.1464113,17585977,8.2,7.7,0.398,7.7
Burkina Faso,2013,Developing,59,27,40,4.64,88.97040214,88,375,18.2,66,89,5.91,88,0.7,699.452847,1772723,8.4,7.9,0.392,7.5
Burkina Faso,2012,Developing,58.6,271,41,4.75,78.76987363,9,7362,17.7,68,9,5.33,9,0.8,673.8227,16571216,8.6,8.1,0.384,7.2
Burkina Faso,2011,Developing,58.1,275,42,4.51,85.55592906,91,860,17.1,71,9,5.17,91,0.9,666.842783,168194,8.8,8.4,0.377,6.7
Burkina Faso,2010,Developing,57.5,279,43,4.55,90.46018236,91,2511,16.6,74,9,7.17,91,1,575.4464527,1565217,9,8.6,0.365,6.3
Burkina Faso,2009,Developing,56.9,283,44,4.55,81.14304705,92,54118,16.1,77,91,7.41,92,1.1,552.7455521,1514199,9.3,8.8,0.356,5.9
Burkina Faso,2008,Developing,56.1,288,45,4.5,107.7988339,93,395,15.6,80,92,6.77,93,1.5,569.7612784,14689726,9.5,9.1,0.345,5.4
Burkina Faso,2007,Developing,55.3,293,46,4.58,73.92730583,89,12,15.1,83,93,6.63,89,1.7,475.11122,1425221,9.8,9.3,0.334,4.9
Burkina Faso,2006,Developing,54.3,32,47,4.73,64.24025208,76,125,14.6,86,94,6.58,86,2,422.6332374,13829177,1,9.6,0.325,4.7
Burkina Faso,2005,Developing,53.3,313,48,4.88,8.769989329,,253,14.2,89,94,6.87,82,2.3,46.998871,1342193,1.3,9.8,0,4.3
Burkina Faso,2004,Developing,52.4,323,49,4.54,56.96108089,,77,13.7,91,83,6.45,79,2.5,371.323865,133569,1.5,1.1,0,3.9
Burkina Faso,2003,Developing,51.6,332,49,4.58,41.60951275,,2946,13.3,92,83,5.61,79,2.9,332.344351,12654621,1.7,1.3,0,3.8
Burkina Faso,2002,Developing,51,338,49,4.53,3.195566831,,1744,12.9,93,69,5.26,69,3.2,26.7635413,122931,11,1.6,0,3.6
Burkina Faso,2001,Developing,56,344,48,4.56,23.1016899,,4174,12.5,93,62,4.85,62,3.6,235.4912324,11944587,11.2,1.8,0,3.5
Burkina Faso,2000,Developing,51,348,48,3.71,19.83929597,,6074,12.2,92,45,5.6,45,4,226.4759814,1167942,11.4,11.1,0,3.4
Burundi,2015,Developing,59.6,288,21,,0,94,9,18.7,31,94,,94,0.7,33.681223,119927,7.3,7.2,0.406,10.6
Burundi,2014,Developing,59.1,297,22,0.01,41.25159038,95,0,18.2,32,95,7.54,95,0.7,312.7489794,989179,7.4,7.3,0.404,10.6
Burundi,2013,Developing,58.6,33,22,0.01,40.15128458,96,0,17.6,32,96,8.3,96,1,282.7555252,96186,7.4,7.4,0.398,10.5
Burundi,2012,Developing,58,312,22,0.01,38.73170505,96,49,17.1,33,96,8.21,96,1.2,265.285651,931971,7.5,7.5,0.393,10.3
Burundi,2011,Developing,57.4,321,22,4.16,3.595980333,96,129,16.6,33,95,8.58,96,1.5,26.479973,94358,7.6,7.6,0.385,9.9
Burundi,2010,Developing,56.8,33,23,4.16,31.14187566,96,495,16.1,34,94,8.82,96,1.9,231.1943256,876693,7.7,7.7,0.361,9.3
Burundi,2009,Developing,56.2,338,23,4.05,2.030494673,94,305,15.7,34,96,6.96,94,2.4,24.944652,848931,7.8,7.8,0.336,8.6
Burundi,2008,Developing,55.3,35,23,4.33,15.99415192,92,173,15.2,35,89,7.86,92,2.9,196.2472628,8212264,7.9,7.9,0.319,7.9
Burundi,2007,Developing,54.8,355,24,4.54,1.72659515,99,43,14.8,36,93,1.3,99,3.4,17.79995,7939573,8,8,0.309,7.2
Burundi,2006,Developing,54.1,361,24,4.5,21.24915339,92,784,14.5,36,88,11.49,92,3.8,165.8794176,7675338,8.1,8.2,0.29,5.9
Burundi,2005,Developing,53.4,369,24,5.54,1.747440948,87,0,14.1,37,82,9.84,87,4.3,15.57434,7423289,8.2,8.3,0.286,5.6
Burundi,2004,Developing,52.6,378,24,5.72,11.22655347,83,2,13.8,38,76,7.1,83,4.8,127.4296648,7182451,8.4,8.4,0.279,5.2
Burundi,2003,Developing,51.9,387,24,5.84,6.545263634,,224,13.5,38,75,5.25,82,5.1,112.849373,6953113,8.5,8.5,0.276,4.7
Burundi,2002,Developing,51.5,387,24,5.98,9.660010196,,1016,13.3,39,74,5.15,81,5.2,122.4335893,6741569,8.7,8.7,0.268,4.4
Burundi,2001,Developing,51.3,385,25,6.09,10.61917585,,0,13,40,72,4.96,81,5.3,133.7427689,6555829,8.8,8.8,0.268,4.5
Burundi,2000,Developing,58,386,25,6.61,9.696689164,,18363,12.8,41,71,4.98,8,5.2,135.9984455,6476,9,8.9,0.268,4.5
Côte d'Ivoire,2015,Developing,53.3,397,57,,0,83,65,28,79,81,,83,1.9,,,5.5,5.5,,
Côte d'Ivoire,2014,Developing,52.8,47,58,0.01,0,76,50,27.4,80,76,5.72,76,2,,,5.6,5.6,,
Côte d'Ivoire,2013,Developing,52.3,412,59,3.15,0,8,48,26.8,81,79,5.81,8,2.4,,,5.8,5.7,,
Côte d'Ivoire,2012,Developing,52,415,59,3.24,0,82,137,26.2,82,83,6.14,82,2.9,,,5.9,5.9,,
Côte d'Ivoire,2011,Developing,51.7,419,60,3.13,0,62,628,25.6,83,58,6.42,62,3.3,,,6.1,6,,
Côte d'Ivoire,2010,Developing,51.5,417,60,3.15,0,85,441,25,84,81,6.32,85,3.3,,,6.3,6.2,,
Côte d'Ivoire,2009,Developing,51,426,60,2.92,0,81,183,24.4,84,77,6.41,81,3.7,,,6.5,6.4,,
Côte d'Ivoire,2008,Developing,54,437,60,2.69,0,74,12,23.8,85,58,6.21,74,4.1,,,6.6,6.6,,
Côte d'Ivoire,2007,Developing,49.9,443,61,2.58,0,76,5,23.2,87,75,6.35,76,5.3,,,6.8,6.7,,
Côte d'Ivoire,2006,Developing,49.4,452,62,2.65,0,77,11,22.6,89,76,5.87,77,5.8,,,7,6.9,,
Côte d'Ivoire,2005,Developing,48.7,466,63,3.11,0,76,115,22.1,90,87,5.39,76,6.1,,,7.2,7.1,,
Côte d'Ivoire,2004,Developing,48.2,472,64,3.08,0,67,3466,21.5,91,76,5.24,67,6.5,,,7.3,7.3,,
Côte d'Ivoire,2003,Developing,48,473,64,3.12,0,63,4770,2.9,92,68,4.65,61,6.7,,,7.5,7.5,,
Côte d'Ivoire,2002,Developing,47.7,473,65,3.13,0,48,5882,2.4,93,7,4.47,64,6.9,,,7.7,7.7,,
Côte d'Ivoire,2001,Developing,47.8,467,65,3.15,0,1,5790,19.9,94,7,4.85,66,7,,,7.9,7.9,,
Côte d'Ivoire,2000,Developing,47.9,461,67,3.45,0,,5729,19.4,95,66,6,65,7.1,,,8.1,8.1,,
Cabo Verde,2015,Developing,73.3,114,0,,0,96,0,31.3,0,93,,93,0.2,2954.119467,532913,6.6,6.6,0.646,13.5
Cabo Verde,2014,Developing,73,117,0,0.01,414.0242418,97,0,3.5,0,95,4.76,95,0.2,3529.61843,526437,6.8,6.7,0.643,13.5
Cabo Verde,2013,Developing,72.8,12,0,0.01,325.6298627,94,0,29.7,0,93,4.29,93,0.2,3558.796314,5216,6.9,6.9,0.643,13.6
Cabo Verde,2012,Developing,72.7,121,0,0.01,33.55888998,94,0,29,0,94,4.61,94,0.3,348.482762,513979,7.1,7.1,0.636,13.2
Cabo Verde,2011,Developing,72.6,122,0,5.07,4.409153436,9,0,28.2,0,9,4.6,9,0.3,367.429453,5867,7.3,7.2,0.632,13.1
Cabo Verde,2010,Developing,72.5,123,0,4.75,286.8907303,98,0,27.5,0,99,4.83,99,0.4,3312.825985,52384,7.4,7.4,0.627,12.7
Cabo Verde,2009,Developing,72.4,124,0,4.45,339.9777364,98,0,26.8,0,99,4.24,99,0.4,3444.5566,496963,7.6,7.6,0.621,12.4
Cabo Verde,2008,Developing,72.4,124,0,4.16,360.6208825,98,0,26.2,0,99,3.96,99,0.4,3638.95946,491723,7.8,7.8,0.615,12.2
Cabo Verde,2007,Developing,72.3,126,0,5.28,345.463714,96,0,25.5,0,98,4.3,98,0.6,3112.285712,486438,8.1,8,0.602,11.9
Cabo Verde,2006,Developing,72.1,129,0,4.25,26.45133197,95,0,24.9,0,97,5.11,96,0.6,234.28992,48795,8.3,8.3,0.596,11.9
Cabo Verde,2005,Developing,71.8,134,0,4.26,3.349816965,93,0,24.3,0,95,4.86,95,0.8,248.13459,474567,8.5,8.5,0.582,11.2
Cabo Verde,2004,Developing,71.4,14,0,4.19,240.139715,91,0,23.7,0,94,5.6,93,0.8,1976.45856,467664,8.7,8.7,0.574,11.1
Cabo Verde,2003,Developing,71.1,144,0,4.16,209.0865,66,0,23.2,0,93,5,92,0.9,1768.92132,46147,8.9,8.9,0.572,11.3
Cabo Verde,2002,Developing,77,148,0,3.82,155.2072669,4,0,22.6,0,92,5.17,91,0.8,1373.515636,45216,9.2,9.1,0.569,11.3
Cabo Verde,2001,Developing,73,152,0,3.81,150.7434862,,0,22.1,0,91,5.19,9,0.8,1268.884564,443716,9.4,9.3,0.562,11
Cabo Verde,2000,Developing,69.9,155,0,3.49,122.5744699,,2,21.5,0,9,4.81,9,0.8,1239.377855,43579,9.6,9.5,0,11.3
Cameroon,2015,Developing,57.3,357,45,,0,84,1809,29,68,83,,84,3.5,1244.429421,22834522,5.6,5.5,0.514,10.4
Cameroon,2014,Developing,56.7,366,47,0.01,61.39263642,87,831,28.4,71,86,4.1,87,3.7,1441.1417,2223994,5.7,5.7,0.507,10.4
Cameroon,2013,Developing,56.4,364,48,0.01,63.07890158,89,760,27.8,73,88,4.29,89,4,1365.34419,21655715,5.8,5.8,0.501,10.4
Cameroon,2012,Developing,55.9,369,50,0.01,68.55839112,85,609,27.2,76,85,4.34,85,4.6,1255.648189,2182383,5.9,5.9,0.496,10.4
Cameroon,2011,Developing,55.6,371,51,6.19,83.18071241,82,504,26.6,79,8,3.96,82,4.9,1295.649726,252447,6,6,0.486,10
Cameroon,2010,Developing,55.3,37,53,6.15,100.8987451,84,240,26,82,83,5.28,84,5.5,1182.869227,1997495,6.1,6.2,0.48,9.7
Cameroon,2009,Developing,54.8,373,54,5.89,9.042540892,8,251,25.4,85,79,5.7,8,6.3,123.19538,19432541,6.3,6.3,0.473,9.2
Cameroon,2008,Developing,54.2,382,56,5.9,68.7073044,84,495,24.9,87,82,5.18,84,6.7,1233.524316,18978,6.4,6.5,0.466,8.8
Cameroon,2007,Developing,53.6,395,57,5.44,7.562892922,82,100,24.4,89,81,4.76,82,7,111.71186,18395389,6.6,6.6,0.456,8
Cameroon,2006,Developing,53.3,394,58,5.22,0.962497052,81,196,23.8,91,78,4.69,81,7.2,12.989164,17899562,6.7,6.8,0.456,8.2
Cameroon,2005,Developing,52.8,4,58,5.03,73.03276195,79,605,23.3,93,79,4.75,8,7.4,952.1872484,1742795,6.9,7,0.456,8.3
Cameroon,2004,Developing,52.1,412,59,4.71,7.177302132,,358,22.8,94,72,4.73,73,7.5,93.211716,1695981,7,7.1,0.455,8.2
Cameroon,2003,Developing,51.8,412,60,4.64,67.63925302,,899,22.3,95,72,4.97,73,7.7,824.8689393,16513822,7.2,7.3,0.452,8.1
Cameroon,2002,Developing,51.6,47,60,4.58,53.70597428,,1448,21.8,97,66,4.86,66,7.8,676.397661,1684886,7.4,7.5,0.452,8.4
Cameroon,2001,Developing,51.5,41,61,4.43,41.73629221,,23934,21.3,99,61,4.7,63,7.9,614.6729339,15671927,7.5,7.7,0.437,7.1
Cameroon,2000,Developing,51.4,394,62,3.91,4.720593531,,14629,2.9,100,57,4.48,62,7.7,68.414399,15274234,7.7,7.8,0.433,6.9
Central African Republic,2015,Developing,52.5,397,15,,0,47,150,22.7,21,47,,47,4.4,348.381417,45461,8.2,8.2,0.347,7.1
Central African Republic,2014,Developing,58,437,15,0.01,53.43964323,47,210,22.1,22,47,4.2,47,4.5,377.132274,4515392,8.4,8.3,0.345,7.1
Central African Republic,2013,Developing,49.9,451,16,0.01,52.37766601,23,596,21.6,23,23,3.82,23,5.1,337.4849614,4499653,8.5,8.5,0.37,7.1
Central African Republic,2012,Developing,53,439,16,0.01,7.344808214,47,141,21.2,23,47,3.62,47,5.1,486.41114,449416,8.7,8.6,0.366,7.1
Central African Republic,2011,Developing,49.8,443,16,1.66,58.52947463,47,679,2.7,24,47,3.73,47,5.8,494.336779,4476153,8.8,8.8,0.361,6.8
Central African Republic,2010,Developing,49.2,446,17,1.67,43.48359197,45,2,2.2,24,46,3.9,45,6.6,446.4434494,4448525,9,8.9,0.352,6.6
Central African Republic,2009,Developing,48.6,453,17,1.56,40.45156933,42,11,19.8,25,45,3.58,42,7.3,449.961839,44423,9.1,9.1,0.345,6.4
Central African Republic,2008,Developing,47.6,477,17,1.52,67.34137528,,12,19.4,25,46,4.3,45,8.3,456.8614334,4345386,9.3,9.2,0.338,6.3
Central African Republic,2007,Developing,46.8,495,17,1.5,60.04884821,,49,19,26,46,4.4,48,9,397.148467,42758,9.4,9.4,0.33,6.2
Central African Republic,2006,Developing,46.3,56,17,1.54,46.90117916,,3,18.6,26,47,3.99,51,10,347.673678,421758,9.6,9.6,0.323,6
Central African Republic,2005,Developing,45.9,511,17,1.5,40.92207976,,471,18.2,26,47,4.29,54,11.2,327.1149461,412791,9.7,9.7,0.319,5.9
Central African Republic,2004,Developing,45.7,512,17,1.5,41.50111735,,1233,17.9,26,45,4.1,51,12,313.21598,45536,9.9,9.9,0.315,5.7
Central African Republic,2003,Developing,45.7,51,17,1.49,46.11619441,,652,17.5,26,44,4.31,47,12.8,286.25819,3981665,1,1.1,0.316,5.6
Central African Republic,2002,Developing,45.6,58,17,1.47,31.5941587,,938,17.2,25,42,4.16,44,13.4,253.768343,397612,1.2,1.2,0.315,5.4
Central African Republic,2001,Developing,45.6,54,17,1.52,33.65315697,,2837,16.8,25,4,3.95,4,13.9,243.1586486,383223,1.4,1.4,0.314,5.3
Central African Republic,2000,Developing,46,49,16,1.51,30.78382657,,3207,16.5,25,38,4.24,37,14.3,243.5429317,3754986,1.5,1.5,0.312,5.2
Chad,2015,Developing,53.1,356,46,,0,46,418,19.1,77,52,,46,2.8,777.248751,149413,8.5,8.4,0.394,7.3
Chad,2014,Developing,52.6,362,46,0.01,11.3020668,37,1275,18.7,78,44,3.62,37,2.9,125.998515,13569438,8.7,8.5,0.39,7.3
Chad,2013,Developing,52.2,366,46,0.64,76.52382535,39,226,18.2,78,46,3.42,39,3.1,986.13177,13133589,8.8,8.7,0.387,7.3
Chad,2012,Developing,51.8,367,46,0.62,57.8242709,4,120,17.9,79,51,3,4,3.6,973.472574,1275135,9,8.9,0.381,7.3
Chad,2011,Developing,51.6,365,46,0.56,67.76269089,33,8650,17.5,79,4,3.17,33,3.9,989.2363633,12288651,9.2,9.1,0.37,6.7
Chad,2010,Developing,51.2,364,46,0.5,43.57328908,39,194,17.1,80,43,2.95,39,4.1,896.5697341,1188722,9.4,9.3,0.36,6.7
Chad,2009,Developing,57,37,46,0.47,4.982900401,24,165,16.7,80,32,3.31,24,4.4,84.455939,1152786,9.6,9.5,0.343,6.3
Chad,2008,Developing,49.6,394,46,0.45,49.09198224,17,63,16.4,80,3,2.92,19,4.7,929.772391,11133861,9.8,9.7,0.338,6
Chad,2007,Developing,49.4,394,46,0.42,5.962923532,,441,16.1,80,38,3.35,28,4.9,81.683884,177578,1,1,0.306,5.7
Chad,2006,Developing,48.5,414,45,0.41,62.67225971,,1594,15.7,80,49,3.32,4,5.1,712.1847694,1421597,1.3,1.2,0.303,5.5
Chad,2005,Developing,48.6,46,45,0.42,8.936064632,,2,15.4,79,37,3.91,25,5.2,66.2421396,1679,1.5,1.4,0.306,5.6
Chad,2004,Developing,48.5,45,44,0.34,72.38451279,,10324,15.1,78,31,5.72,21,5.2,454.6765879,97143,1.7,1.6,0.301,5.6
Chad,2003,Developing,48.4,43,44,0.42,3.979243535,,15801,14.8,77,36,5.49,23,5.1,292.5914364,935321,1.9,1.8,0.284,5.4
Chad,2002,Developing,48.1,43,43,0.36,3.039691193,,7277,14.4,76,31,8.33,25,5,22.854821,91689,11.1,11,0.303,5.1
Chad,2001,Developing,48,4,42,0.3,26.87439074,,24908,14.1,75,26,6.9,26,4.8,197.3156442,866312,11.3,11.2,0.3,4.9
Chad,2000,Developing,47.6,44,41,0.25,21.52701616,,3546,13.9,74,3,6.28,36,4.6,166.231785,8342559,11.5,11.4,0,4.7
Comoros,2015,Developing,63.5,227,1,,0,91,0,24.2,2,92,,91,0.8,727.6463868,777424,6.7,6.5,0.498,11.1
Comoros,2014,Developing,63.2,23,1,0.01,73.86584922,88,0,23.7,2,87,6.75,87,0.8,852.954379,759385,6.8,6.6,0.497,11.1
Comoros,2013,Developing,62.9,233,1,0.01,61.57443584,88,0,23.2,2,85,6.51,87,0.8,834.341949,7415,6.8,6.6,0.49,10.9
Comoros,2012,Developing,62.5,237,2,0.01,78.39008571,89,1,22.6,2,85,7.11,86,0.8,788.632653,723868,6.9,6.7,0.484,10.8
Comoros,2011,Developing,62.2,241,2,0.12,59.6596497,83,3,22.1,2,85,6.1,83,0.2,829.7586885,76569,7,6.8,0.479,10.6
Comoros,2010,Developing,61.8,246,2,0.15,47.30421873,74,0,21.6,2,82,5.82,74,0.1,769.1742883,689692,7.1,6.9,0.476,10.5
Comoros,2009,Developing,61.3,251,2,0.17,56.98952474,83,1,21.1,2,84,3.82,83,0.1,778.5454199,673252,7.2,7,0.465,10.3
Comoros,2008,Developing,61,255,2,0.12,93.36788979,81,0,2.6,2,81,5.13,81,0.1,795.97519,657229,7.2,7.1,0.461,10.2
Comoros,2007,Developing,66,259,2,0.16,9.087638194,75,0,2.1,2,75,4.93,75,0.1,72.759313,64162,7.3,7.2,0.459,10
Comoros,2006,Developing,63,262,2,0.25,77.0283958,69,85,19.6,2,69,4.57,69,0.1,648.38717,626425,7.4,7.3,0.451,9.9
Comoros,2005,Developing,60,266,2,0.24,69.9675435,68,912,19.2,2,67,4.32,68,0.1,621.93372,611627,7.5,7.4,0.434,9.7
Comoros,2004,Developing,59.8,269,2,0.27,7.212110766,77,0,18.8,2,73,3.96,76,0.1,616.4197236,597228,7.5,7.5,0,9.5
Comoros,2003,Developing,59.6,271,2,0.26,45.09010835,28,0,18.4,2,8,3.65,8,0.1,544.566526,583211,7.6,7.6,0,9.2
Comoros,2002,Developing,59.5,271,2,0.08,29.41897495,,0,18,2,98,3.39,89,0.1,433.2691451,569479,7.7,7.7,0,8.8
Comoros,2001,Developing,59.5,272,1,0.08,19.71741043,,0,17.6,2,7,2.86,7,0.1,395.9319363,555888,7.8,7.8,0,8.5
Comoros,2000,Developing,59.5,272,1,0.09,35.02948624,,0,17.3,2,7,3.56,7,0.1,375.8528566,542357,7.9,7.9,0,8.2
Congo,2015,Developing,64.7,267,7,,0,8,1359,27.4,10,8,,8,2.8,,,7.5,7.1,0.59,11.1
Congo,2014,Developing,64.2,275,7,0.01,0,9,71,26.8,10,9,5.15,9,3,,,7.6,7.3,0.581,11.1
Congo,2013,Developing,63.9,274,7,0.01,0,85,124,26.2,10,85,5.9,85,3,,,7.7,7.4,0.576,11.1
Congo,2012,Developing,63.7,273,7,0.01,0,62,260,25.6,10,61,3.98,85,3.3,,,7.9,7.5,0.557,10.2
Congo,2011,Developing,62.9,285,7,3.82,0,7,315,25,10,69,2.79,82,3.5,,,8,7.6,0.558,10.7
Congo,2010,Developing,62,298,7,3.53,0,74,4,24.5,10,72,2.29,74,3.8,,,8.1,7.7,0.548,10.5
Congo,2009,Developing,68,314,7,3.47,0,75,1,23.9,11,76,2.27,78,4,,,8.3,7.9,0.545,10.3
Congo,2008,Developing,59.4,338,8,2.58,0,73,2,23.3,11,77,2.9,79,4.3,,,8.4,8,0.527,10
Congo,2007,Developing,58.2,354,8,2.75,0,64,84,22.8,11,71,2.54,72,5,,,8.5,8.2,0.517,9.8
Congo,2006,Developing,56.9,368,8,2.25,0,,126,22.3,12,73,2.37,73,5.5,,,8.7,8.3,0.507,9.6
Congo,2005,Developing,55.3,394,8,2.03,0,,146,21.7,13,62,2.42,62,5.9,,,8.8,8.5,0.496,9.4
Congo,2004,Developing,54.1,48,9,2.58,0,,3524,21.2,13,67,2.56,67,6.3,,,9,8.6,0.497,9.2
Congo,2003,Developing,53.2,417,9,2.45,0,,3712,2.7,14,5,2.61,5,6.8,,,9.1,8.8,0.492,9.4
Congo,2002,Developing,52.6,424,9,2.55,0,,2788,2.3,14,41,2.45,41,7.2,,,9.3,8.9,0.488,9.5
Congo,2001,Developing,52.7,419,9,2.3,0,,2152,19.8,14,32,2.44,31,7.6,,,9.4,9,0.487,9.7
Congo,2000,Developing,52.9,416,9,2.26,0,,1678,19.3,14,31,2.13,33,7.8,,,9.5,9.2,0.487,9.8
Democratic Republic of the Congo,2015,Developing,59.8,258,236,,0,81,5020,21.6,308,78,,81,1.1,,,9.5,9.3,,
Democratic Republic of the Congo,2014,Developing,59.3,266,237,0.01,0,8,33711,21.1,312,79,4.33,8,1.1,,,9.7,9.5,,
Democratic Republic of the Congo,2013,Developing,58.8,272,238,0.01,0,74,88381,2.6,314,74,3.89,74,1.2,,,9.9,9.6,,
Democratic Republic of the Congo,2012,Developing,58.3,277,239,0.01,0,75,72029,2.1,317,76,3.77,75,1.5,,,1,9.8,,
Democratic Republic of the Congo,2011,Developing,57.9,278,239,1.82,0,74,133802,19.6,319,77,3.53,74,1.6,,,1.2,1,,
Democratic Republic of the Congo,2010,Developing,57.4,283,239,1.81,0,6,5407,19.1,321,76,4.4,6,1.6,,,1.4,1.2,,
Democratic Republic of the Congo,2009,Developing,56.7,292,238,2.13,0,72,57,18.6,323,78,5.61,72,1.7,,,1.6,1.4,,
Democratic Republic of the Congo,2008,Developing,56.3,295,237,2.09,0,65,12461,18.2,324,64,4.46,65,1.8,,,1.8,1.7,,
Democratic Republic of the Congo,2007,Developing,55.7,299,236,1.52,0,7,55577,17.8,326,72,3.61,7,1.9,,,11.1,1.9,,
Democratic Republic of the Congo,2006,Developing,55,36,235,1.53,0,,80123,17.3,327,62,3.39,62,2,,,11.3,11.1,,
Democratic Republic of the Congo,2005,Developing,54.3,314,233,1.43,0,,182485,16.9,329,6,3.14,6,2,,,11.5,11.3,,
Democratic Republic of the Congo,2004,Developing,53.5,323,232,1.44,0,,44934,16.5,330,52,3.34,54,2.1,,,11.7,11.5,,
Democratic Republic of the Congo,2003,Developing,52.8,332,231,1.83,0,,21956,16.1,331,47,3.2,41,2.2,,,11.9,11.7,,
Democratic Republic of the Congo,2002,Developing,52.1,341,229,1.85,0,,30466,15.7,331,4,2.59,38,2.4,,,12.1,11.9,,
Democratic Republic of the Congo,2001,Developing,51.8,34,227,1.9,0,,8072,15.3,332,3,2.67,3,2.4,,,12.2,12.1,,
Democratic Republic of the Congo,2000,Developing,51.3,346,226,1.98,0,,8282,14.9,332,42,1.45,4,2.5,,,12.4,12.3,,
Djibouti,2015,Developing,63.5,241,1,,0,84,47,35,1,84,,84,2.1,1862.167274,927414,5.6,5.4,0.47,6.3
Djibouti,2014,Developing,63,252,1,0.38,24.73299655,78,0,34.4,1,78,1.57,78,2.1,174.91511,912164,5.6,5.4,0.467,6.3
Djibouti,2013,Developing,62.7,256,1,0.53,229.4410095,82,28,33.8,2,82,9.14,82,2.1,1622.637974,896688,5.6,5.4,0.464,6.3
Djibouti,2012,Developing,62.2,263,1,0.52,217.2125786,81,709,33.2,2,81,8.95,81,1.9,1536.15685,881185,5.6,5.5,0.46,6.3
Djibouti,2011,Developing,61.8,268,1,0.39,20.35974738,87,49,32.7,2,87,8.71,87,2.7,143.986898,865937,5.6,5.5,0.451,5.9
Djibouti,2010,Developing,61.3,273,1,0.44,187.4960097,88,7,32.2,2,88,8.84,88,3.1,1325.99724,851146,5.6,5.6,0.441,5.5
Djibouti,2009,Developing,69,279,1,0.49,177.2671607,89,48,31.7,2,89,8.37,89,3.2,1253.657431,83684,5.7,5.6,0.436,5.3
Djibouti,2008,Developing,62,289,1,0.49,171.7686449,88,143,31.3,2,89,8.5,89,3.3,1214.77118,822934,5.7,5.6,0.427,5
Djibouti,2007,Developing,59.8,296,1,0.45,20.86878709,25,24,3.9,2,88,7.72,88,3.5,147.586896,8942,5.8,5.7,0.416,4.5
Djibouti,2006,Developing,59.1,39,2,1.02,121.4812077,,49,3.6,2,72,7.5,72,3.7,965.6693779,79628,5.8,5.7,0.405,4.3
Djibouti,2005,Developing,58.6,318,2,1.23,12.70325933,,298,3.2,2,71,7.21,71,3.9,94.7297489,783254,5.9,5.8,0.396,4
Djibouti,2004,Developing,58.1,326,2,1.18,106.0354659,,71,29.8,2,64,6.76,64,4,864.184726,77752,6,5.9,0.388,3.7
Djibouti,2003,Developing,58,325,2,1.02,94.13302875,,37,29.4,2,68,6.22,68,4.2,819.974118,758615,6.1,5.9,0.378,3.5
Djibouti,2002,Developing,57.9,322,2,1.03,13.46662004,,50,29,2,62,5.45,62,4.3,792.15412,746221,6.2,6,0.372,3.3
Djibouti,2001,Developing,57.7,323,2,0.95,92.4978948,,79,28.6,2,49,5.37,53,4.3,781.2322196,732711,6.3,6.1,0.363,2.9
Djibouti,2000,Developing,57.4,325,2,1.34,91.95075901,,183,28.2,2,46,5.75,46,4.1,768.176767,717584,6.4,6.1,0.361,2.9
Egypt,2015,Developing,79,159,51,,0,93,5432,61.1,60,93,,93,0.1,,,2.8,2.8,0.688,13.1
Egypt,2014,Developing,78,161,53,0.21,0,94,1314,6.2,62,94,5.64,94,0.1,,,2.8,2.8,0.686,13.1
Egypt,2013,Developing,79,159,54,0.21,0,97,405,59.4,63,97,5.46,97,0.1,,,2.9,2.8,0.681,12.8
Egypt,2012,Developing,72,165,54,0.23,0,93,245,58.6,64,93,5.29,93,0.1,,,2.9,2.8,0.673,12.4
Egypt,2011,Developing,74,168,55,0.22,0,96,26,57.8,64,96,5.4,96,0.1,,,2.9,2.9,0.671,12.4
Egypt,2010,Developing,70,173,54,0.22,0,97,16,57,64,97,4.8,97,0.1,,,3,2.9,0.665,12.2
Egypt,2009,Developing,69.9,174,54,0.21,0,97,608,56.2,64,97,5.1,97,0.1,,,3,3,0.659,12
Egypt,2008,Developing,69.8,172,54,0.24,0,97,668,55.5,65,97,4.82,97,0.1,,,3.1,3,0.651,11.9
Egypt,2007,Developing,69.7,171,55,0.21,0,98,1684,54.8,65,98,4.95,98,0.1,,,3.1,3.1,0.644,11.7
Egypt,2006,Developing,69.5,175,55,0.18,0,98,953,54.2,66,98,5.24,98,0.1,,,3.2,3.1,0.636,11.5
Egypt,2005,Developing,69.4,174,56,0.16,0,98,77,53.5,68,98,5.6,98,0.1,,,3.2,3.2,0.629,11.4
Egypt,2004,Developing,69,176,57,0.16,0,97,80,52.9,70,97,5.21,97,0.1,,,3.3,3.2,0.623,11.2
Egypt,2003,Developing,68.6,178,59,0.15,0,98,164,52.3,72,98,5.41,98,0.1,,,3.3,3.3,0.621,11.3
Egypt,2002,Developing,68.7,177,61,0.15,0,97,653,51.8,75,97,5.97,97,0.1,,,3.4,3.4,0.617,11.2
Egypt,2001,Developing,68.6,177,63,0.14,0,99,2150,51.2,78,99,5.75,99,0.1,,,3.5,3.4,0.612,11.1
Egypt,2000,Developing,68.8,171,65,0.14,0,98,2633,5.7,82,98,5.55,98,0.1,,,3.6,3.5,0.606,11
Equatorial Guinea,2015,Developing,58.2,32,3,,0,16,1250,24.5,4,17,,16,4.2,1347.31257,1175389,8.4,8.3,0.582,9.2
Equatorial Guinea,2014,Developing,57.9,32,3,0.01,13.40477417,2,13,24,4,24,3.8,2,4.4,192.59733,1129424,8.5,8.4,0.582,9.2
Equatorial Guinea,2013,Developing,57.4,327,3,10.72,156.3907685,,321,23.5,4,3,3.73,3,5.7,2246.9938,183746,8.6,8.6,0.586,9.2
Equatorial Guinea,2012,Developing,56.7,337,3,11.89,1500.412635,,1190,23,4,3,4,24,8.2,21557.6528,138593,8.7,8.7,0.583,9.2
Equatorial Guinea,2011,Developing,56.2,344,3,10.99,1493.051277,,0,22.6,4,39,3.29,41,7.7,21451.88617,99429,8.9,8.8,0.58,9.2
Equatorial Guinea,2010,Developing,56.1,339,3,9.93,1192.696619,,0,22.1,4,59,3.84,44,7.2,17136.44568,95114,9,9,0.589,9.2
Equatorial Guinea,2009,Developing,55.7,34,3,7.97,115.0692415,,78,21.7,4,57,5.32,43,7.3,1653.2937,99111,9.2,9.2,0.59,9.1
Equatorial Guinea,2008,Developing,55.4,338,3,8.34,1705.678619,,436,21.3,4,55,2.31,42,6.3,22742.38159,868418,9.3,9.3,0.592,9.1
Equatorial Guinea,2007,Developing,55,339,3,6.86,1024.519543,,5,2.9,4,54,2.25,41,5.9,15761.83913,829327,9.5,9.5,0.587,9
Equatorial Guinea,2006,Developing,54.8,337,3,7.28,827.5979335,,0,2.5,4,52,2.13,4,5.3,12732.2759,792217,9.7,9.6,0.569,9
Equatorial Guinea,2005,Developing,54.4,337,3,7.19,12.0661671,,0,2.2,4,5,1.63,39,4.9,185.63334,757317,9.8,9.8,0.563,8.7
Equatorial Guinea,2004,Developing,54.1,336,3,6.28,44.54768305,,38,19.8,4,48,2.4,38,4.4,685.34897,724817,1,1,0.553,8.5
Equatorial Guinea,2003,Developing,53.8,334,3,7.13,309.7834587,,18,19.5,4,46,2.23,37,3.6,3577.176197,694611,1.2,1.1,0.554,8.4
Equatorial Guinea,2002,Developing,53.5,334,3,6.01,234.7874207,,24,19.1,4,44,2.5,36,2.9,2711.17114,66647,1.4,1.3,0.542,8.2
Equatorial Guinea,2001,Developing,53.1,334,3,5.07,197.7839552,,1339,18.7,4,43,1.78,35,2.3,2283.87939,639762,1.6,1.4,0.527,8
Equatorial Guinea,2000,Developing,52.7,336,3,4.46,14.95451321,,0,18.3,4,41,2.73,34,1.9,172.68491,614323,1.7,1.6,0,0
Eritrea,2015,Developing,64.7,255,5,,0,95,198,18.6,7,95,,95,0.4,,,8.4,8.2,0.418,5
Eritrea,2014,Developing,64.4,261,5,0.01,0,94,127,18,8,94,3.34,94,0.4,,,8.5,8.3,0.416,5
Eritrea,2013,Developing,64,266,6,0.01,0,94,45,17.5,8,94,3.1,94,0.5,,,8.6,8.4,0.414,5
Eritrea,2012,Developing,63.6,274,6,0.01,0,94,194,17,8,94,2.98,94,0.6,,,8.7,8.6,0.41,5
Eritrea,2011,Developing,62.9,286,6,0.62,20.97991915,96,48,16.5,8,96,3.6,96,0.7,582.775532,447469,8.8,8.7,0.405,5
Eritrea,2010,Developing,62.1,298,6,0.61,17.35739784,9,51,16,9,9,3.24,9,0.9,482.14994,43984,8.9,8.8,0.404,5.1
Eritrea,2009,Developing,61.4,311,6,0.63,1.575160196,92,82,15.5,9,92,3.3,92,1,43.7544499,431334,9,8.9,0.402,5.2
Eritrea,2008,Developing,67,322,6,0.49,11.76572311,94,0,15.1,9,94,3.69,94,1.1,326.825642,4232636,9.1,9.1,0.406,5.2
Eritrea,2007,Developing,62,329,6,1.23,11.42385961,91,55,14.7,9,91,3.29,91,1.3,317.3294336,4153332,9.2,9.2,0.405,5.3
Eritrea,2006,Developing,59.7,336,7,0.97,10.60269773,94,128,14.3,9,94,3.3,94,1.4,297.828588,466648,9.3,9.3,0.405,5.3
Eritrea,2005,Developing,59.4,34,7,1.07,5.064688968,96,19,13.9,9,96,2.97,96,1.6,276.75896,39697,9.4,9.5,0,5.4
Eritrea,2004,Developing,59.1,342,7,0.64,10.26097341,84,24,13.6,10,98,3.14,98,1.8,287.4222243,3858623,9.6,9.6,0,5
Eritrea,2003,Developing,58.8,343,7,0.56,6.913998013,91,376,13.3,10,95,3.5,93,1.9,232.7945459,3738265,9.7,9.7,0,4.7
Eritrea,2002,Developing,58.5,343,7,0.83,0.703132179,86,460,13.1,10,92,4.2,9,1.9,21.7687981,3614639,9.9,9.9,0,4.4
Eritrea,2001,Developing,58.1,345,7,0.61,5.593619538,,204,12.8,10,89,3.95,86,2,215.139213,3497124,1,1,0,4.3
Eritrea,2000,Developing,45.3,593,7,0.83,0.735940361,,789,12.6,10,82,4.43,81,1.9,28.1969487,339281,1.2,1.1,0,3.9
Ethiopia,2015,Developing,64.8,225,136,,0,77,17745,17.6,194,75,,77,0.6,645.4637627,9987333,1.4,1.2,0.441,8.4
Ethiopia,2014,Developing,64.2,234,140,0.01,89.95805845,77,12739,17.2,202,75,4.88,77,0.6,571.1622759,97366774,1.5,1.3,0.435,8.4
Ethiopia,2013,Developing,63.7,237,145,1.86,8.313282039,72,5253,16.8,211,7,5.19,72,0.9,52.1535887,94887724,1.6,1.4,0.427,8.4
Ethiopia,2012,Developing,63.3,241,150,1.84,86.82551124,69,4347,16.4,221,7,5.77,69,1.2,468.567249,92444183,1.7,1.5,0.422,8.4
Ethiopia,2011,Developing,62.6,249,156,1.32,67.77565369,65,3255,16,231,7,6.55,65,1.4,354.8463544,946756,1.9,1.6,0.411,8.2
Ethiopia,2010,Developing,61.8,261,162,1.34,67.73374413,62,4235,15.6,243,69,6.86,61,1.7,341.39992,877267,11,1.7,0.401,8.1
Ethiopia,2009,Developing,68,274,169,1.17,53.77354001,56,1176,15.3,256,65,4.41,58,2,379.7566385,85416253,11.1,1.8,0.393,8.1
Ethiopia,2008,Developing,59.8,289,177,1.13,38.55783268,52,3511,14.9,270,63,4.28,54,2.4,325.3825543,83184892,11.2,1.9,0.378,7.6
Ethiopia,2007,Developing,58.5,39,186,1.06,30.46451811,47,1446,14.5,286,61,4.69,5,2.8,243.326822,8149,11.3,11,0.362,7.1
Ethiopia,2006,Developing,57.2,328,196,1.22,22.18952246,,1451,14.2,304,59,4.47,46,3.3,193.794956,7885689,11.4,11.1,0.346,6.6
Ethiopia,2005,Developing,56,343,206,0.99,18.03753133,,357,13.8,323,56,4.2,44,3.7,161.6266248,7672783,11.5,11.2,0.325,5.8
Ethiopia,2004,Developing,55,354,217,0.86,1.506962482,,73,13.5,342,54,4.23,4,4.1,135.7623858,7462445,11.5,11.3,0.31,5.4
Ethiopia,2003,Developing,54,363,228,0.79,10.97201912,,228,13.2,360,55,4.64,37,4.4,118.8734466,72545144,11.6,11.5,0.306,5.2
Ethiopia,2002,Developing,53.2,369,237,0.8,10.82452594,,3332,12.9,377,55,4.73,35,4.6,111.3634356,7497192,11.7,11.6,0.298,4.9
Ethiopia,2001,Developing,52.5,372,246,0.85,1.186227577,,2366,12.6,392,55,4.26,32,4.9,12.1789279,68492257,11.8,11.7,0.283,4.3
Ethiopia,2000,Developing,51.2,391,253,0.88,11.59481766,,1660,12.3,404,55,4.36,3,5,123.876257,66537331,11.9,11.8,0,3.9
Gabon,2015,Developing,66,229,2,,0,8,27,36.3,3,79,,8,2.7,7388.984144,193175,6.1,5.9,0.694,12.6
Gabon,2014,Developing,65.5,237,2,0.01,715.2816939,7,33,35.8,3,68,3.44,7,2.8,9692.163874,1875713,6.1,6,0.687,12.6
Gabon,2013,Developing,64.6,255,2,8.86,154.8758879,79,122,35.2,3,77,3.98,79,3.7,9679.742995,1817271,6.2,6.1,0.678,12.5
Gabon,2012,Developing,63.5,276,2,8.3,805.3925284,82,2,34.6,3,8,3.13,82,4.9,9774.18117,1756817,6.3,6.2,0.669,12.5
Gabon,2011,Developing,62.8,289,2,8.9,133.5223672,75,2,34.1,3,75,3.12,75,6,1716.2258,169711,6.4,6.3,0.664,12.5
Gabon,2010,Developing,62.3,294,2,8.85,145.318282,67,1,33.5,3,68,3.41,67,7,8754.113376,16421,6.5,6.4,0.66,12.5
Gabon,2009,Developing,61.7,31,2,8.64,52.31086276,79,0,33,3,74,3.43,76,8,763.66223,1586754,6.7,6.5,0.652,12.4
Gabon,2008,Developing,61.6,298,2,8.75,11.05422474,82,3,32.4,3,81,2.54,82,8.9,194.2746,1536411,6.8,6.6,0.651,12.4
Gabon,2007,Developing,61.6,291,2,9.02,545.4389573,75,0,31.9,3,78,2.86,81,10,8352.81711,1489193,6.9,6.8,0.645,12.4
Gabon,2006,Developing,61.4,288,2,8.01,40.53719812,52,90,31.4,3,44,2.88,45,10.7,727.777345,1444844,7.1,6.9,0.646,12.4
Gabon,2005,Developing,65,37,2,7.72,353.2438029,28,0,3.8,3,44,2.76,45,10.9,6741.293948,143126,7.2,7.1,0.64,12.4
Gabon,2004,Developing,59.7,322,2,8.13,443.4750634,,63,3.3,3,44,3.26,45,11.1,5685.577736,136425,7.4,7.2,0.64,12.3
Gabon,2003,Developing,59.7,32,2,6.47,352.232365,,0,29.8,3,44,3.48,45,11,4892.11618,1328146,7.5,7.4,0.638,12.3
Gabon,2002,Developing,59.7,315,2,8.34,22.69039905,,110,29.2,3,44,3.22,45,10.7,412.55271,129449,7.7,7.5,0.636,12.3
Gabon,2001,Developing,59.8,37,2,9.29,183.6980778,,5129,28.7,3,44,3.23,45,10.1,3976.14887,1262259,7.8,7.7,0.633,12.3
Gabon,2000,Developing,61,296,2,8.87,218.1727473,,15,28.1,3,44,2.89,45,9.5,4116.46693,1231122,8,7.8,0.637,12.2
Gambia,2015,Developing,61.1,262,3,,0,97,71,27.3,5,96,,97,1.7,,,7.3,7.2,0.45,8.9
Gambia,2014,Developing,68,266,3,0.01,0,96,1,26.7,5,97,7.34,96,1.7,,,7.5,7.3,0.449,8.9
Gambia,2013,Developing,66,266,3,0.01,0,97,0,26,5,96,6.49,97,1.6,,,7.6,7.5,0.445,8.9
Gambia,2012,Developing,62,269,3,0.01,0,98,0,25.4,5,98,6.12,98,1.4,,,7.8,7.7,0.44,8.8
Gambia,2011,Developing,59.8,277,3,3.41,0,96,0,24.8,5,95,6.24,96,1.8,,,8,7.9,0.441,8.7
Gambia,2010,Developing,59.3,284,3,3.48,0,97,2,24.1,6,97,5.75,97,2.1,,,8.2,8.1,0.439,8.8
Gambia,2009,Developing,59,286,3,2.99,0,97,0,23.5,6,97,5.85,98,2.7,,,8.4,8.3,0.434,8.9
Gambia,2008,Developing,58.7,287,3,2.79,0,98,0,22.8,6,96,5.95,96,3,,,8.6,8.5,0.426,8.6
Gambia,2007,Developing,58.5,288,3,2.64,0,97,0,22.2,6,94,5.76,95,3.1,,,8.8,8.7,0.42,8.4
Gambia,2006,Developing,58.2,288,3,2.93,0,95,0,21.5,6,94,5.52,95,3,,,9,8.9,0.415,8.1
Gambia,2005,Developing,57.7,294,3,2.26,0,95,0,2.9,6,94,4.97,95,3,,,9.2,9.1,0.412,7.8
Gambia,2004,Developing,57.3,296,3,2.51,0,95,0,2.3,6,88,4.35,87,2.9,,,9.4,9.3,0.404,7.6
Gambia,2003,Developing,57,297,3,2.47,0,94,119,19.7,6,87,4.22,87,2.7,,,9.6,9.6,0.395,7.3
Gambia,2002,Developing,56.6,298,3,2.08,0,92,32,19.1,6,86,3.75,87,2.5,,,9.8,9.8,0.392,7
Gambia,2001,Developing,56.3,3,3,2.25,0,91,99,18.5,6,85,3.71,87,2.3,,,1,1,0.384,6.8
Gambia,2000,Developing,55.9,33,3,2.18,0,91,336,18,6,84,3.61,8,2,,,1.2,1.2,0.377,6.5
Ghana,2015,Developing,62.4,249,37,,0,88,23,28.6,52,88,,88,0.7,1361.11395,27582821,6.2,6.1,0.575,11.4
Ghana,2014,Developing,62.1,253,37,0.01,97.67794571,98,124,28,54,93,3.56,98,0.8,1432.227943,26962563,6.4,6.3,0.576,11.7
Ghana,2013,Developing,61.9,254,38,0.01,28.66897829,9,319,27.3,55,91,4.63,9,0.9,1814.492297,26346251,6.6,6.4,0.57,11.5
Ghana,2012,Developing,61.6,257,39,0.01,151.899429,92,1613,26.7,56,91,4.79,92,0.9,1629.8222,2573349,6.7,6.6,0.563,11.2
Ghana,2011,Developing,61.2,263,40,1.64,225.2219474,91,120,26.1,58,91,4.81,91,1.3,1574.978653,25121796,6.9,6.8,0.554,10.9
Ghana,2010,Developing,69,267,40,1.69,195.9824626,94,641,25.5,59,94,5.33,94,1.9,1312.67557,2451214,7.1,7,0.547,10.5
Ghana,2009,Developing,66,271,41,1.76,30.72290501,94,101,24.9,60,94,5.17,94,2.1,186.76538,2393831,7.3,7.2,0.542,10.4
Ghana,2008,Developing,63,275,41,1.78,161.0106435,93,82,24.2,61,92,4.85,93,2.2,1224.41554,2329864,7.5,7.4,0.53,9.8
Ghana,2007,Developing,59.9,28,41,1.25,3.181373629,94,6,23.6,61,94,5.3,94,2.6,19.686718,227212,7.7,7.6,0.519,9.1
Ghana,2006,Developing,59.4,288,41,1.7,129.0263364,84,420,23,62,84,4.64,84,2.9,922.9351677,22113425,7.9,7.9,0.51,8.7
Ghana,2005,Developing,58.9,296,41,1.5,78.71123825,84,435,22.4,62,85,4.51,84,3.1,498.172394,215429,8.1,8.1,0.499,8.1
Ghana,2004,Developing,58.3,34,41,1.46,53.23775977,8,60,21.8,62,81,3.96,8,3.2,423.1936389,2986536,8.4,8.3,0.491,7.7
Ghana,2003,Developing,57.9,38,41,1.53,31.09435342,8,1939,21.2,63,8,3.12,8,3.4,373.2815537,2446782,8.6,8.5,0.489,7.9
Ghana,2002,Developing,57.6,31,42,1.6,3.336437969,8,12289,2.7,63,8,3.7,78,3.5,39.484473,19924522,8.8,8.8,0.484,7.6
Ghana,2001,Developing,57.4,39,42,1.49,25.55981288,,13476,2.1,64,81,3.56,79,3.5,273.6596668,1942165,9,9,0.485,8
Ghana,2000,Developing,57.2,38,43,1.6,20.65432873,,23068,19.5,65,88,3,88,3.6,263.1124679,18938762,9.2,9.2,0.48,7.7
Guinea,2015,Developing,59,284,26,,0,54,243,23.3,40,42,,54,0.5,554.48766,1291533,7.3,7.3,0.414,8.8
Guinea,2014,Developing,58.1,299,27,0.01,50.57976483,51,175,22.7,41,42,5.64,51,0.5,561.997387,118559,7.5,7.4,0.412,8.6
Guinea,2013,Developing,58.8,284,27,0.01,5.140668848,63,53,22.2,41,63,5.49,63,1,54.169324,11536615,7.7,7.6,0.406,8.5
Guinea,2012,Developing,58.4,288,28,0.01,4.344930862,62,6,21.7,42,63,5.39,62,1.9,52.3485646,11281469,7.8,7.8,0.396,8.5
Guinea,2011,Developing,58.1,29,28,0.22,42.2547904,63,11,21.2,43,63,4.73,63,2,459.2912,113517,8,8,0.385,8.4
Guinea,2010,Developing,57.8,291,29,0.2,29.74734049,64,45,2.8,44,62,4.55,64,2.2,438.7513346,179417,8.2,8.2,0.38,8.3
Guinea,2009,Developing,57.3,297,29,0.18,24.84763562,57,264,2.3,46,6,3.85,57,2.3,436.6895539,1556524,8.4,8.4,0.376,8.1
Guinea,2008,Developing,56.8,33,30,0.21,19.68510257,57,89,19.8,47,59,3.21,6,2.3,437.4467238,1323142,8.6,8.6,0.371,7.9
Guinea,2007,Developing,56.4,36,31,0.19,1.399626733,57,3,19.4,48,46,3.8,63,2.4,49.456775,196727,8.9,8.8,0.364,7.6
Guinea,2006,Developing,55.6,317,31,0.16,10.3839337,,4,19,49,53,3.2,57,2.6,296.68382,9881428,9.1,9.1,0.356,7.1
Guinea,2005,Developing,54.7,327,32,0.21,1.099665984,,99,18.5,51,59,2.82,59,2.7,33.424498,9679745,9.3,9.3,0.346,6.6
Guinea,2004,Developing,54,334,33,0.34,18.93011259,,10,18.1,53,65,3.14,6,2.8,386.3288283,949229,9.5,9.5,0.325,5.1
Guinea,2003,Developing,53.3,338,34,0.18,2.39524067,,2497,17.7,55,61,3.45,57,2.9,37.1931781,939848,9.7,9.7,0.338,5.9
Guinea,2002,Developing,52.9,337,35,0.21,21.3378184,,2151,17.3,56,56,3.76,53,3,322.811171,9137345,9.9,9.9,0.329,5.5
Guinea,2001,Developing,52.5,336,36,0.17,19.89790929,,7408,16.9,58,52,3.65,5,3,315.83983,8971139,1.1,1.1,0.322,5.1
Guinea,2000,Developing,52.5,328,37,0.17,2.215986136,,11294,16.6,60,47,3.46,46,3,34.516918,888546,1.3,1.3,0.316,4.8
Guinea-Bissau,2015,Developing,58.9,275,4,,0,87,153,26.3,6,87,,87,3.2,596.8717189,177526,7.1,7,0.421,9.2
Guinea-Bissau,2014,Developing,58.4,282,4,0.01,50.06053544,87,1,25.6,6,87,5.59,87,3.4,642.6256154,1725744,7.3,7.1,0.419,9.2
Guinea-Bissau,2013,Developing,58.1,279,4,0.01,8.20063742,87,0,25,6,87,6.14,87,4.5,61.566347,1681495,7.5,7.3,0.415,9.1
Guinea-Bissau,2012,Developing,57.6,285,4,0.01,0.948526366,87,0,24.3,6,87,5.96,87,5.3,67.7518833,1638139,7.7,7.5,0.416,9.1
Guinea-Bissau,2011,Developing,57.1,289,4,3.57,40.45367358,86,0,23.7,7,85,5.46,86,5.7,692.69989,1596154,7.8,7.7,0.41,9
Guinea-Bissau,2010,Developing,56.7,287,4,3.21,53.30782696,83,26,23.1,7,82,6.7,83,5.9,543.957418,155588,8,7.9,0.405,8.9
Guinea-Bissau,2009,Developing,56.3,288,4,2.55,47.12969266,8,0,22.5,7,78,6.81,8,6,544.222779,1517448,8.3,8.1,0.401,8.9
Guinea-Bissau,2008,Developing,55.6,297,5,2.64,28.30191127,,12,21.9,7,77,6.5,77,6,583.5445622,148841,8.5,8.4,0.398,8.8
Guinea-Bissau,2007,Developing,55,32,5,2.98,31.06932595,,1,21.3,7,76,6.1,74,5.7,481.694976,1445958,8.7,8.6,0.394,8.8
Guinea-Bissau,2006,Developing,54.4,36,5,3.22,21.53374936,,0,2.7,8,74,5.87,71,5.6,418.94454,1412669,8.9,8.8,0.388,8.3
Guinea-Bissau,2005,Developing,53.9,37,5,3.1,22.09757984,,0,2.1,8,73,5.72,68,5.4,424.9534585,138838,9.2,9,0,8
Guinea-Bissau,2004,Developing,53.5,38,5,2.58,13.52999556,,3526,19.6,8,69,5.41,64,5,393.3138244,135345,9.4,9.3,0,7.7
Guinea-Bissau,2003,Developing,53,38,5,2.16,2.527115422,,1158,19,8,65,5.62,6,4.6,36.5718585,132122,9.6,9.5,0,7.4
Guinea-Bissau,2002,Developing,52.8,35,5,2.47,24.65761755,,298,18.5,8,61,5.84,57,4.1,321.481324,1293523,9.8,9.7,0,7.1
Guinea-Bissau,2001,Developing,52.5,32,5,2.55,0.868708478,,126,17.9,9,56,5.4,53,3.6,39.486749,1267512,1,1,0,6.7
Guinea-Bissau,2000,Developing,52.1,3,5,2.84,6.699418747,,0,17.4,9,52,4.94,49,3.1,297.7519443,1243229,1.2,1.2,0,6.4
Kenya,2015,Developing,63.4,249,54,,0,89,95,22,75,83,,89,2.8,1349.97144,47236259,7.8,7.6,0.55,11.1
Kenya,2014,Developing,62.9,255,56,0.01,170.9626624,92,354,21.3,79,93,5.72,92,2.9,1335.6458,462425,7.8,7.7,0.546,11.1
Kenya,2013,Developing,62.6,258,58,1.84,165.9304977,93,190,2.7,81,94,5.57,87,3,1229.114798,44826849,7.9,7.7,0.541,11.1
Kenya,2012,Developing,62.1,263,59,1.81,154.2269697,94,0,2.1,84,94,5.49,94,3,1155.2582,43646629,8,7.8,0.536,11.1
Kenya,2011,Developing,61.2,278,60,1.8,109.7051836,96,2395,19.5,86,97,5.23,96,3.4,987.4453967,42486839,8.1,7.9,0.53,11.1
Kenya,2010,Developing,63,294,61,1.73,56.58984221,9,95,18.9,89,9,3.97,9,4.3,967.34773,4135152,8.2,8,0.523,11.1
Kenya,2009,Developing,59.1,317,62,1.86,7.146851404,88,1218,18.4,91,89,4.17,88,5,92.816252,423724,8.2,8.1,0.514,10.7
Kenya,2008,Developing,57.9,339,64,1.71,60.5153506,88,1282,17.9,95,88,3.9,88,6.4,916.8992515,39148416,8.3,8.2,0.506,10.4
Kenya,2007,Developing,56.8,356,66,1.97,59.83361364,81,1516,17.3,100,76,4.8,81,9.1,839.181117,388599,8.4,8.3,0.494,10.1
Kenya,2006,Developing,55.3,388,68,1.76,52.60385429,8,1847,16.9,104,77,4.24,8,10.3,697.66385,37525,8.5,8.4,0.483,9.7
Kenya,2005,Developing,54.1,412,70,1.82,39.55677502,76,153,16.4,108,7,4.36,76,11.6,519.7999346,3648288,8.6,8.5,0.474,9.6
Kenya,2004,Developing,53,432,72,1.43,36.29775249,73,20,15.9,112,73,4.29,73,13.2,458.8843551,3574931,8.7,8.6,0.461,8.9
Kenya,2003,Developing,52.4,437,74,1.49,35.85204668,73,65,15.5,115,75,4.45,73,14.5,436.6875357,3413852,8.8,8.8,0.45,8.2
Kenya,2002,Developing,52.1,437,76,1.66,32.73674134,84,766,15.1,118,83,4.54,84,15.7,395.8493511,332149,8.9,8.9,0.451,8.5
Kenya,2001,Developing,51.9,434,77,1.63,3.847602867,,11304,14.7,120,77,4.62,8,16.9,41.7763612,32321482,9,9,0.447,8.4
Kenya,2000,Developing,51.9,428,77,1.51,0.681685555,,21002,14.4,121,8,4.68,82,18.1,43.9797132,3145483,9.2,9.1,0.448,8.4
Lesotho,2015,Developing,53.7,484,4,,0,93,0,32.6,6,9,,93,9.3,173.82893,2174645,5.5,5.3,0.495,10.7
Lesotho,2014,Developing,52.1,522,4,0.01,162.1278115,93,0,32,6,9,1.62,93,9.4,1174.839214,2145785,5.8,5.6,0.491,10.8
Lesotho,2013,Developing,52.1,518,4,0.01,153.3443147,93,516,31.4,6,9,11.7,93,9.6,1196.1335,2117361,6.1,5.9,0.484,11.1
Lesotho,2012,Developing,52.2,513,4,0.01,168.1348992,95,179,3.8,6,93,11.14,95,9,1281.516,289928,6.4,6.2,0.479,11
Lesotho,2011,Developing,52.3,52,4,2.39,195.825251,96,172,3.2,6,95,11.79,96,10.5,1352.38433,264166,6.8,6.6,0.469,11
Lesotho,2010,Developing,51.1,527,4,2.71,154.8705998,93,2488,29.7,6,92,1.87,93,13.4,1173.26212,24551,7.2,7,0.464,10.9
Lesotho,2009,Developing,49.4,566,4,2.75,104.3144732,91,0,29.2,6,89,9.8,91,18.2,923.136931,21929,7.6,7.4,0.453,10.8
Lesotho,2008,Developing,47.8,592,5,2.75,91.85432774,88,0,28.8,6,86,8.85,88,27.3,934.428563,199993,8,7.8,0.447,10.7
Lesotho,2007,Developing,46.2,633,4,2.69,9.18432717,9,2,28.3,6,87,8.47,88,30,918.432717,1982287,8.4,8.3,0.44,10.6
Lesotho,2006,Developing,45.3,654,5,2.61,71.15577609,91,1,27.9,6,88,7.12,89,34.1,915.775754,1965662,8.8,8.7,0.437,10.7
Lesotho,2005,Developing,44.5,675,5,2.67,57.90369752,87,0,27.4,6,88,6.3,89,34.8,862.9463118,1949543,9.3,9.2,0.437,10.7
Lesotho,2004,Developing,44.8,666,5,1.8,67.91361818,6,31,26.9,7,89,6.96,9,34.6,781.5145936,1933728,9.7,9.7,0.439,10.7
Lesotho,2003,Developing,45.5,648,5,1.99,5.300902041,17,1,26.4,7,9,7.13,9,33.8,63.636279,191897,1.2,1.1,0.44,10.5
Lesotho,2002,Developing,46.4,622,5,2.95,3.53457351,,0,25.9,7,84,6.91,84,32.5,47.89395,192312,1.6,1.6,0.446,10.4
Lesotho,2001,Developing,47.8,586,5,2.86,38.57187011,,217,25.4,7,78,7.53,78,31.2,437.819184,1885955,11.1,11.1,0.443,10.3
Lesotho,2000,Developing,49.3,543,5,3.1,29.86616464,,660,24.9,7,82,6.92,83,29.8,474.8197876,1868699,11.5,11.6,0.445,9.6
Liberia,2015,Developing,61.4,259,8,,0,52,1060,27.3,11,52,,52,0.9,452.38717,4499621,6.5,6.4,0.427,9.9
Liberia,2014,Developing,58.1,329,8,0.01,54.37396957,5,34,26.7,11,49,1.4,5,0.9,458.4651734,439737,6.7,6.5,0.426,9.9
Liberia,2013,Developing,61.1,258,9,0.01,45.04892458,76,0,26.1,11,75,9.25,76,1.1,454.1222236,4286291,6.8,6.7,0.419,9.8
Liberia,2012,Developing,67,261,9,0.01,48.09891474,8,43,25.6,12,8,1.19,8,1.2,415.361958,4181563,7,6.9,0.416,9.6
Liberia,2011,Developing,62,266,9,3.72,60.44658161,77,279,25,12,77,11.23,77,1.5,379.689583,47167,7.2,7,0.406,9.5
Liberia,2010,Developing,59.7,272,9,3.64,41.91052416,47,2200,24.5,13,71,11.87,7,1.8,327.42597,3948125,7.4,7.2,0.403,9.6
Liberia,2009,Developing,59.2,277,10,3.75,5.592170255,64,6,24,13,84,14.39,81,2.1,33.667491,3811528,7.6,7.4,0.4,9.7
Liberia,2008,Developing,58.6,281,10,3.88,40.03344077,64,1,23.4,14,79,11.83,75,2.4,232.61732,3662993,7.7,7.6,0.394,9.8
Liberia,2007,Developing,57.9,286,10,4.03,3.686899287,,1,22.9,14,67,1.24,65,2.8,21.3733292,3512932,7.9,7.8,0.383,9.9
Liberia,2006,Developing,56.7,32,11,4.05,15.79934152,,20,22.4,15,66,1.9,6,3,178.92799,3375838,8.1,8.1,0.377,10
Liberia,2005,Developing,55.3,316,12,4.19,22.39648813,,8,22,16,66,8.4,6,3.1,168.648254,326123,8.3,8.3,0.372,10.1
Liberia,2004,Developing,54,329,12,4.24,17.85870796,,4,21.5,17,47,8.77,31,3.2,149.4452549,3176414,8.5,8.5,0.335,10.2
Liberia,2003,Developing,50,42,13,4.21,9.758449266,,142,21.1,18,49,3.44,35,3.2,133.494518,3116233,8.7,8.7,0.373,10.3
Liberia,2002,Developing,56,371,13,4.27,10.424369,,131,2.7,19,51,5.43,39,3.1,177.285187,362863,8.8,8.9,0.376,10.4
Liberia,2001,Developing,51.5,333,14,4.4,16.72142854,,1379,2.4,20,54,6.41,42,3.1,174.1815473,2991132,9,9,0.386,10.5
Liberia,2000,Developing,51.9,39,14,4.46,12.19709744,,5977,2.2,20,56,5.91,46,3.1,183.4149991,2884522,9.2,9.2,0.338,8.7
Libya,2015,Developing,72.7,138,1,,0,97,82,64.8,2,97,,97,0.1,,,5.8,5.5,0.719,13.4
Libya,2014,Developing,72.4,143,2,0.01,0,94,372,63.8,2,94,4.97,94,0.1,,,5.7,5.5,0.73,13.4
Libya,2013,Developing,72.9,134,2,0.01,0,96,0,62.8,2,96,4.33,96,0.1,,,5.7,5.5,0.735,13.4
Libya,2012,Developing,72.9,133,2,0.01,0,98,320,61.8,2,98,4.3,98,0.1,,,5.6,5.4,0.706,13.7
Libya,2011,Developing,71.3,161,2,0.01,36.11567366,98,0,6.9,2,98,4.77,98,0.1,562.549434,,5.6,5.4,0.756,14
Libya,2010,Developing,72.8,132,2,0.01,52.50394196,98,0,59.9,2,98,3.5,98,0.1,1212.56217,,5.6,5.4,0.755,14.3
Libya,2009,Developing,72.7,132,2,0.01,63.55170297,98,329,59,2,98,3.16,98,0.1,1296.97353,,5.6,5.4,0.757,14.6
Libya,2008,Developing,72.6,132,2,0.01,532.6700005,98,8,58.2,2,98,2.4,98,0.1,14396.4865,,5.5,5.4,0.757,14.8
Libya,2007,Developing,72.5,132,2,0.01,54.8789106,98,59,57.4,3,98,2.63,98,0.1,1138.56661,,5.5,5.4,0.756,15.1
Libya,2006,Developing,72.2,134,2,0.01,493.415341,98,1,56.7,3,98,2.51,98,0.1,9344.987518,,5.5,5.4,0.752,15.4
Libya,2005,Developing,71.9,138,2,0.01,472.3047034,97,292,56,3,98,2.71,98,0.1,8171.361651,,5.5,5.4,0.748,15.7
Libya,2004,Developing,71.5,141,2,0.01,31.80653288,99,2771,55.3,3,97,3.46,97,0.1,586.8364,,5.5,5.4,0.747,15.9
Libya,2003,Developing,71.3,144,3,0.01,295.1166511,96,0,54.6,3,95,4.6,95,0.1,4676.96753,,5.6,5.4,0.74,16
Libya,2002,Developing,71.1,146,3,0.01,29.13434871,91,3890,54,3,93,4.57,93,0.1,375.442638,,5.6,5.4,0.736,15.8
Libya,2001,Developing,71,147,3,0.01,362.3817951,93,633,53.4,3,94,4.6,94,0.1,6269.58123,,5.6,5.5,0.732,15.7
Libya,2000,Developing,78,148,3,0.01,457.3202236,92,0,52.8,3,94,3.41,94,0.1,7145.628494,,5.7,5.5,0.727,15.5
Madagascar,2015,Developing,65.5,22,28,,0,69,3,2.5,38,71,,69,0.3,41.8575951,2423488,7.1,7.1,0.511,10.3
Madagascar,2014,Developing,65.1,225,29,0.01,5.339065673,73,3,2,39,73,3.4,73,0.3,452.4631926,2358981,7.2,7.1,0.509,10.3
Madagascar,2013,Developing,64.7,23,29,0.87,79.50882493,74,6,19.5,40,73,4.15,74,0.4,461.723722,22961146,7.3,7.2,0.508,10.3
Madagascar,2012,Developing,64.3,235,30,0.87,59.97914461,7,2,19,42,71,3.46,7,0.4,443.9611,22346573,7.4,7.3,0.506,10.2
Madagascar,2011,Developing,63.8,241,31,0.97,78.79967196,73,0,18.5,43,73,4.24,73,0.4,454.963464,21743949,7.5,7.4,0.504,10.2
Madagascar,2010,Developing,63.3,248,32,1.03,76.60442169,7,1,18,45,7,4.86,7,0.5,412.739341,2115164,7.6,7.5,0.503,10.2
Madagascar,2009,Developing,62.8,254,33,0.91,71.16601203,77,0,17.6,47,76,4.7,77,0.5,415.6893226,2569121,7.7,7.6,0.5,9.7
Madagascar,2008,Developing,62.3,259,34,0.68,6.448762615,77,3,17.1,49,77,4.5,77,0.5,47.733254,19996469,7.8,7.7,0.491,9.4
Madagascar,2007,Developing,61.9,261,35,0.71,55.43034455,84,0,16.7,51,83,4.98,84,0.6,377.8482928,19433523,7.9,7.8,0.483,9.1
Madagascar,2006,Developing,61.4,263,36,0.68,38.41870375,82,2,16.3,54,83,5.11,85,0.6,292.157443,1888268,8,7.9,0.478,9
Madagascar,2005,Developing,69,265,37,0.72,33.74786198,81,0,15.8,56,8,5.3,85,0.6,274.819723,18336724,8.1,8,0.473,8.9
Madagascar,2004,Developing,64,267,38,0.81,23.72796328,71,35558,15.4,58,74,4.89,78,0.6,245.1235876,1782997,8.2,8.1,0.466,8.7
Madagascar,2003,Developing,59.9,268,40,0.93,37.12894787,61,62233,15,60,65,4.81,66,0.7,316.7998965,17279141,8.3,8.3,0.457,8.5
Madagascar,2002,Developing,59.3,271,41,0.9,47.5262138,51,10795,14.7,63,61,5.29,62,0.7,262.2859481,16765117,8.5,8.4,0.462,8.3
Madagascar,2001,Developing,58.7,276,42,1.05,42.56331585,,9357,14.3,65,6,5.17,6,0.7,278.555732,1626932,8.6,8.5,0.456,8.2
Madagascar,2000,Developing,57.9,283,44,1.16,35.66125056,,35256,13.9,68,58,5.8,57,0.6,245.939659,1576686,8.7,8.6,0,8
Malawi,2015,Developing,58.3,365,26,,0,88,0,19.6,38,88,,88,4.8,362.6575444,1757367,6.4,6.2,0.473,10.8
Malawi,2014,Developing,57.6,377,27,0.01,59.48744893,91,3,19.2,40,87,11.38,91,5.1,354.7253961,1768838,6.5,6.3,0.466,10.7
Malawi,2013,Developing,56.7,394,29,0.01,55.83107625,89,1,18.8,42,89,1.96,89,6.3,332.922339,16577147,6.5,6.4,0.459,10.7
Malawi,2012,Developing,55.3,42,31,0.01,82.76865922,96,11,18.4,46,95,12.6,96,8.3,374.51882,169735,6.6,6.5,0.454,10.7
Malawi,2011,Developing,54.1,441,32,1.23,13.77617463,97,26,18,50,97,11.67,97,11.2,512.125451,15627618,6.7,6.6,0.444,10.6
Malawi,2010,Developing,52.9,462,35,1.08,9.728005297,93,118712,17.6,54,86,1.5,93,13.7,458.8681744,1516795,6.8,6.7,0.43,10.2
Malawi,2009,Developing,51.5,491,36,1.16,7.915071248,93,21,17.3,56,93,1.18,93,14.9,42.7379657,1471462,6.9,6.8,0.415,9.9
Malawi,2008,Developing,50,525,36,1.27,74.34482999,91,20,16.9,58,92,1.7,91,16.9,372.842678,14271234,7,6.9,0.4,9.6
Malawi,2007,Developing,48.5,559,37,1.18,4.269511381,87,143,16.6,59,88,9.31,87,19.3,32.2227274,1384969,7.1,7,0.387,9.7
Malawi,2006,Developing,47.1,587,38,1.18,6.847033785,99,1,16.2,61,99,8.99,99,21.1,297.6971211,13429262,7.3,7.1,0.377,9.6
Malawi,2005,Developing,46,66,39,1.04,5.670640102,93,184,15.9,62,94,8.2,93,22.4,28.3673842,1339711,7.4,7.2,0.371,9.7
Malawi,2004,Developing,45.1,615,40,1.11,58.13583343,89,1116,15.5,65,94,7.82,89,23.4,274.2256294,1267638,7.5,7.4,0.366,10
Malawi,2003,Developing,44.6,613,43,1.08,4.375316094,84,167,15.2,70,85,6.35,84,24.2,26.152517,12336687,7.6,7.5,0.362,10.3
Malawi,2002,Developing,44,67,46,1.1,3.885394742,64,92,14.8,75,79,4.82,64,24.7,29.9798977,1213711,7.7,7.6,0.388,10.4
Malawi,2001,Developing,43.5,599,48,1.15,12.79760626,,150,14.4,80,86,5.7,9,25.1,146.7615397,11695863,7.9,7.7,0.387,10.1
Malawi,2000,Developing,43.1,588,51,1.18,13.76270195,,304,14.1,84,73,6.7,75,25.5,153.2594872,11376172,8,7.9,0.391,10.7
Mali,2015,Developing,58.2,266,52,,0,64,215,23.8,84,66,,64,1.5,729.725338,1746795,7.7,7.5,0.438,8.4
Mali,2014,Developing,57.8,272,52,0.01,46.56231672,73,290,23.2,85,74,6.86,73,1.6,825.5729915,16962846,7.9,7.7,0.43,8.2
Mali,2013,Developing,57.3,275,53,0.01,36.86104319,69,221,22.5,86,7,6.58,69,1.6,777.659139,16477818,8.1,7.9,0.421,8
Mali,2012,Developing,57.2,27,53,0.01,96.5465827,66,341,21.9,88,72,6.47,66,1.5,777.3476868,16667,8.3,8.1,0.411,7.7
Mali,2011,Developing,56.8,271,54,0.61,101.8113996,66,24,21.3,90,72,6.59,66,1.5,835.88998,1554989,8.5,8.3,0.404,7.5
Mali,2010,Developing,56.5,273,54,0.6,9.585584394,72,1719,2.7,91,77,6.35,73,1.5,78.377632,157585,8.8,8.5,0.396,7.3
Mali,2009,Developing,56,276,55,0.59,84.63438925,71,2939,2.2,93,77,6.85,73,1.6,697.153124,1466597,9,8.8,0.385,7.1
Mali,2008,Developing,55.5,278,55,0.57,102.1413744,74,98,19.6,94,74,6.74,74,1.6,689.6784228,14138216,9.2,9,0.36,5.8
Mali,2007,Developing,55,282,56,0.55,81.8405007,74,2,19,96,76,6.97,74,1.7,595.6368319,1367566,9.4,9.3,0.363,6.4
Mali,2006,Developing,54.3,288,57,0.53,67.70920683,9,128,18.5,98,79,6.56,78,1.8,521.6425796,1322764,9.7,9.5,0.35,6.1
Mali,2005,Developing,53.6,29,57,0.55,60.21211141,83,33,18,101,78,6.34,77,1.9,487.942556,12798763,9.9,9.7,0.338,5.8
Mali,2004,Developing,52.8,296,58,0.49,57.11644801,73,172,17.5,103,7,6.28,69,2,439.3572924,1239196,1.1,1,0.333,5.5
Mali,2003,Developing,52,299,59,0.54,6.660451777,79,232,17,106,67,6.25,63,2.2,391.791281,125128,1.3,1.2,0.318,5.2
Mali,2002,Developing,51.2,31,60,0.53,3.67646576,,717,16.5,108,65,6.32,61,2.3,334.22416,11638929,1.5,1.5,0.308,4.9
Mali,2001,Developing,55,34,60,0.51,4.395885717,,4464,16.1,110,56,6.39,49,2.4,36.8473237,11293258,1.8,1.7,0.297,4.6
Mali,2000,Developing,49.8,37,60,0.47,23.94507124,,1578,15.6,111,53,6.29,43,2.5,269.3483829,196769,11,1.9,0.291,4.4
Mauritania,2015,Developing,63.1,25,8,,0,73,1,3.8,12,67,,73,0.9,1158.256469,4182341,7.8,7.5,0.513,8.5
Mauritania,2014,Developing,63,26,8,0.01,80.92679802,84,14,3.1,12,84,3.77,84,0.9,1326.66882,46392,8,7.7,0.509,8.5
Mauritania,2013,Developing,62.7,28,8,0.01,8.88028118,8,62,29.4,12,8,3.63,8,1.1,145.57838,394617,8.1,7.9,0.501,8.2
Mauritania,2012,Developing,62.5,29,8,0.01,62.48419552,8,35,28.8,12,8,3.36,8,1.2,1364.283745,383239,8.3,8.1,0.491,7.8
Mauritania,2011,Developing,62.2,212,8,0.01,79.27658464,75,234,28.1,12,73,2.87,75,1.2,1393.261593,3717672,8.5,8.3,0.487,7.7
Mauritania,2010,Developing,62,214,8,0.01,8.353074798,64,1292,27.4,12,52,3.28,64,1.2,123.383675,369543,8.7,8.5,0.484,7.6
Mauritania,2009,Developing,61.7,215,8,0.01,11.14504291,64,322,26.8,12,63,3.79,64,1.2,146.83851,356288,8.9,8.7,0.476,7.1
Mauritania,2008,Developing,61.4,217,8,0.02,61.76263795,74,4,26.1,12,73,3.23,74,1.3,1167.535689,347541,9.2,8.9,0.475,7.2
Mauritania,2007,Developing,61.2,219,8,0.02,7.35400072,74,11,25.5,12,75,3.54,75,1.3,113.3128,3312665,9.4,9.1,0.475,7.4
Mauritania,2006,Developing,69,221,8,0.01,55.79836969,68,22,24.8,12,68,3.21,68,1.3,944.134851,322653,9.6,9.4,0.466,7.2
Mauritania,2005,Developing,66,223,8,0.01,55.12187071,42,127,24.2,12,71,4.21,71,1.3,697.7451989,31372,9.8,9.6,0.461,7.2
Mauritania,2004,Developing,64,224,8,0.01,5.00378288,,5039,23.6,12,68,4.7,7,1.3,62.547286,342823,1,9.8,0.451,6.7
Mauritania,2003,Developing,63,226,8,0.01,29.65370899,,3611,22.9,12,75,4.53,76,1.3,528.586613,2957117,1.3,1.1,0.447,6.6
Mauritania,2002,Developing,62,228,7,0.02,4.113190741,,883,22.3,12,91,5.31,89,1.2,46.9542322,2873228,1.5,1.3,0.446,6.5
Mauritania,2001,Developing,61,229,7,0.01,28.782245,,1398,21.7,12,75,4.34,75,1.2,464.229758,279729,1.7,1.5,0.444,6.5
Mauritania,2000,Developing,60,23,7,0.03,8.594570232,,0,21.1,11,58,5.26,51,1.1,477.476124,279359,1.9,1.7,0.443,6.4
Mauritius,2015,Developing,74.6,146,0,,0,97,0,33.3,0,98,,97,0.1,9252.11724,126265,6.9,6.8,0.779,15.2
Mauritius,2014,Developing,74.2,148,0,0.01,115.2784282,97,0,32.8,0,98,4.81,97,0.1,1153.93822,126934,7,6.9,0.769,14.7
Mauritius,2013,Developing,74.1,147,0,0.01,917.467628,98,0,32.3,0,98,4.82,98,0.1,9637.265,1258653,7,7,0.765,14.7
Mauritius,2012,Developing,73.9,154,0,0.01,915.1859205,98,0,31.8,0,98,4.76,98,0.1,9291.227619,1255882,7.1,7,0.756,14.3
Mauritius,2011,Developing,73.6,158,0,3.03,918.807245,98,2,31.3,0,98,5.2,98,0.1,9197.26972,125244,7.1,7.1,0.748,14.1
Mauritius,2010,Developing,73.3,163,0,2.95,0.108055973,99,12,3.7,0,99,5.29,99,0.2,8.376432,1254,7.2,7.2,0.74,14
Mauritius,2009,Developing,72.8,166,0,2.83,624.2361828,99,15,3.2,0,99,4.97,99,0.1,7318.12641,1247429,7.3,7.3,0.734,13.8
Mauritius,2008,Developing,72.7,166,0,2.49,6.6489825,99,12,29.7,0,99,4.6,99,0.1,83.635,1244121,7.4,7.3,0.728,13.6
Mauritius,2007,Developing,72.9,161,0,3.24,582.5143743,97,13,29.1,0,96,4.24,97,0.1,6574.654338,123963,7.5,7.4,0.72,13.5
Mauritius,2006,Developing,71.8,165,0,3.73,502.3844946,97,3,28.6,0,98,4.38,97,0.1,5695.969327,1233996,7.6,7.5,0.713,13.4
Mauritius,2005,Developing,72.1,168,0,3.94,479.9234077,97,7,28,0,97,4.47,97,0.1,5116.45424,1228254,7.7,7.6,0.704,13
Mauritius,2004,Developing,71.9,168,0,4.16,509.3899943,98,28,27.5,0,98,4.29,98,0.1,5229.876738,12213,7.8,7.7,0.696,12.8
Mauritius,2003,Developing,71.5,174,0,4.08,407.779262,97,777,26.9,0,99,4.15,99,0.1,4623.347642,121337,7.9,7.8,0.687,12.6
Mauritius,2002,Developing,71.5,179,0,4.14,369.6317105,88,0,26.4,0,88,4.24,88,0.1,3957.51296,124621,7.9,7.9,0.683,12.5
Mauritius,2001,Developing,71.5,177,0,4.38,70.15536981,92,0,25.8,0,93,3.87,92,0.1,3792.182152,1196287,8,8,0.673,12.2
Mauritius,2000,Developing,71,177,0,4.6,336.3213326,88,0,25.3,0,88,3.78,88,0.1,3861.32414,1186873,8.1,8.1,0.667,12.1
Morocco,2015,Developing,74.3,95,17,,0,99,17,58.5,20,99,,99,0.1,2847.285569,3483322,6.4,6.2,0.645,12.1
Morocco,2014,Developing,74.1,96,18,0.43,198.7343495,99,10,57.5,21,99,5.91,99,0.1,3154.513484,3431882,6.4,6.2,0.64,12.1
Morocco,2013,Developing,73.9,97,18,0.45,179.8598949,99,92,56.5,21,99,5.94,99,0.1,3111.762887,33824769,6.4,6.2,0.634,12.1
Morocco,2012,Developing,73.6,99,19,0.55,19.15853732,99,668,55.5,22,99,6.15,99,0.1,294.746728,33333789,6.3,6.2,0.623,11.6
Morocco,2011,Developing,73.3,14,19,0.54,22.0945504,98,982,54.6,22,98,5.99,99,0.1,339.91616,32858823,6.3,6.2,0.612,11.2
Morocco,2010,Developing,72.8,11,20,0.56,183.6592186,98,633,53.6,23,99,5.86,99,0.1,2834.2472,3249639,6.3,6.2,0.603,10.7
Morocco,2009,Developing,72.3,116,20,0.62,188.2902861,98,834,52.7,23,99,5.67,99,0.1,2861.5545,31989897,6.4,6.2,0.596,10.5
Morocco,2008,Developing,71.8,123,21,0.51,171.3658969,97,1455,51.7,24,99,5.41,99,0.1,2884.94776,31596855,6.4,6.3,0.589,10.3
Morocco,2007,Developing,71.4,128,21,0.56,157.6431445,95,2248,5.8,25,95,5.48,95,0.1,2494.353552,31225881,6.4,6.3,0.581,10
Morocco,2006,Developing,71,133,22,0.58,127.7632005,95,1217,49.9,25,97,5.23,97,0.1,2191.478567,3869346,6.4,6.3,0.575,10
Morocco,2005,Developing,77,137,22,0.47,9.469371264,96,0,49.1,26,98,5.6,98,0.1,213.755559,35217,6.5,6.3,0.569,9.8
Morocco,2004,Developing,72,142,23,0.56,100.3638322,95,6399,48.2,27,97,5.22,97,0.1,1948.812275,3179285,6.5,6.4,0.561,9.6
Morocco,2003,Developing,69.9,146,24,0.58,88.16506179,9,10841,47.3,28,91,5.25,91,0.1,1721.973863,29843937,6.6,6.4,0.551,9.3
Morocco,2002,Developing,69.5,15,25,0.46,66.72933871,92,6000,46.5,29,94,5.31,94,0.1,1413.757176,29512368,6.6,6.5,0.54,8.8
Morocco,2001,Developing,69,155,26,0.46,71.11645,84,2724,45.7,30,93,4.44,96,0.1,1336.775376,29181832,6.7,6.5,0.53,8.5
Morocco,2000,Developing,68.6,16,27,0.45,63.42140024,43,7368,44.8,32,95,4.18,95,0.1,1332.382358,28849621,6.7,6.6,0.519,8
Mozambique,2015,Developing,57.6,355,60,,0,8,79,22.6,81,8,,8,3.9,528.3125597,281691,3.6,3.5,0.414,9.1
Mozambique,2014,Developing,56.7,375,61,0.01,54.91159475,79,9,22.2,84,79,6.98,79,4.1,623.2871141,27212382,3.6,3.5,0.409,9.1
Mozambique,2013,Developing,55.3,46,62,1.16,5.813338496,78,8,21.8,87,78,5.9,78,5.1,65.985681,26434372,3.6,3.5,0.405,9.1
Mozambique,2012,Developing,54.8,48,64,1.19,49.90987221,76,145,21.3,90,73,5.58,76,6.9,566.513873,2567666,3.6,3.5,0.4,9.2
Mozambique,2011,Developing,54.3,47,66,0.94,40.80617976,76,177,2.9,94,73,6.23,76,9.6,526.5313517,249395,3.7,3.6,0.397,9.5
Mozambique,2010,Developing,54,47,69,0.96,5.743393664,74,2321,2.5,98,73,5.38,74,10.8,419.2258149,2422145,3.7,3.6,0.39,9.3
Mozambique,2009,Developing,53.8,4,70,1.18,39.75216936,74,60,2.1,101,74,5.43,74,11.3,463.852618,2352463,3.7,3.6,0.382,9.2
Mozambique,2008,Developing,53.2,45,72,1.48,0.796915785,75,4,19.7,104,74,4.91,75,12.6,53.127719,22846758,3.7,3.7,0.372,8.8
Mozambique,2007,Developing,52.1,425,74,1.03,53.9502789,75,267,19.3,108,75,5.25,75,14.1,422.1461573,22188387,3.8,3.7,0.36,8.2
Mozambique,2006,Developing,51.2,434,78,1.2,58.59644487,75,183,18.9,113,73,6.51,78,16.3,385.7567141,21547463,3.8,3.7,0.353,7.9
Mozambique,2005,Developing,58,434,80,1.23,67.33378735,75,12598,18.5,117,71,6.87,8,16.2,369.1545359,29237,3.9,3.8,0.341,7.3
Mozambique,2004,Developing,54,429,82,1.54,46.58195631,76,9396,18.1,120,69,5.91,83,15.9,336.3318145,231275,3.9,3.8,0.332,7
Mozambique,2003,Developing,51,424,85,1.68,42.52689559,76,28898,17.7,124,67,6.39,85,15.3,283.8911588,19716598,4,3.9,0.318,6.7
Mozambique,2002,Developing,49.8,416,87,2.16,40.82597077,76,7155,17.3,127,76,6.45,76,14.5,262.884551,19139658,4,4,0.311,6.2
Mozambique,2001,Developing,49.5,48,90,2.09,37.82511936,25,7085,16.9,132,72,5.64,73,13.4,256.4414872,18588758,4.1,4,0.298,5.8
Mozambique,2000,Developing,49,43,93,1.14,47.17250718,,7375,16.5,136,69,6.16,7,12.2,277.6486591,1867687,4.2,4.1,0.291,5.4
Namibia,2015,Developing,65.8,248,2,,0,92,212,35.7,3,92,,92,2.1,4737.66996,2425561,8.2,8.1,0.637,11.7
Namibia,2014,Developing,65.9,242,2,0.01,751.3982719,88,477,34.9,3,88,8.93,88,2.2,5421.343953,237992,8.6,8.5,0.632,11.7
Namibia,2013,Developing,66.1,232,3,0.01,760.6550553,89,1028,34.1,3,89,8.53,89,2.5,5488.131712,231652,9,8.9,0.625,11.6
Namibia,2012,Developing,65.8,232,3,0.01,796.8734263,84,86,33.3,4,84,8.24,84,3.7,5749.44752,2263934,9.5,9.4,0.619,11.5
Namibia,2011,Developing,64.3,268,3,7.84,7.896234931,82,79,32.5,4,85,8.78,82,4.7,56.971392,2215621,9.9,9.9,0.612,11.5
Namibia,2010,Developing,63,299,3,7.58,719.5535161,83,3138,31.8,4,83,7.89,83,6.2,5191.58381,217317,1.4,1.4,0.604,11.4
Namibia,2009,Developing,62.4,36,3,7.99,575.6748069,,4076,31,4,83,8.5,83,8.7,4153.497885,21374,1.9,1.9,0.598,11.4
Namibia,2008,Developing,61.7,317,3,6.28,59.55033546,,0,3.2,4,83,7.15,83,11.7,429.6561,216375,11.5,11.4,0.589,11.3
Namibia,2007,Developing,60,356,3,5.12,62.11039296,,21,29.4,4,81,6.99,86,15.2,422.51968,279915,12,12,0.578,11.3
Namibia,2006,Developing,57,431,3,4.94,459.1572399,,3,28.7,4,74,7.2,86,19.2,3881.29535,255734,12.6,12.6,0.57,11.4
Namibia,2005,Developing,55.1,477,3,4.89,457.7200522,,4,27.9,4,86,7.32,86,22.1,3573.146387,232196,13.1,13.1,0.565,11.6
Namibia,2004,Developing,54.7,483,3,4.8,368.2848258,,4,27.2,4,81,6.47,81,24,3288.257373,29228,13.7,13.7,0.559,11.7
Namibia,2003,Developing,55,471,3,5.28,294.6571552,,262,26.5,4,82,6.52,79,24.7,2482.36862,1986535,14.2,14.3,0.554,11.7
Namibia,2002,Developing,55.7,452,3,5.09,203.7322893,,1278,25.8,4,78,6.17,77,24.6,1713.47594,1962147,14.7,14.8,0.556,11.8
Namibia,2001,Developing,56.5,426,3,5.09,205.8078833,,416,25.1,4,79,6.18,78,23.9,1834.29486,1933596,15.2,15.4,0.556,11.7
Namibia,2000,Developing,57.4,41,3,5.73,35.80978512,,469,24.5,4,8,6.11,79,22.8,257.99557,1899257,15.7,15.9,0.559,11.5
Niger,2015,Developing,61.8,22,49,,0,65,7693,19.3,87,65,,65,0.4,358.99731,19896965,9.6,9.4,0.351,5.4
Niger,2014,Developing,61.4,223,49,0.01,3.304039899,68,1142,18.9,88,67,5.82,68,0.5,43.646498,19148219,9.8,9.6,0.345,5.3
Niger,2013,Developing,69,227,49,0.01,31.50243237,67,1224,18.5,89,56,5.9,67,0.6,416.14838,18426372,1,9.9,0.341,5.3
Niger,2012,Developing,63,232,49,0.01,29.75517982,71,272,18.1,90,71,6.11,71,0.7,391.515524,17731634,1.3,1.1,0.331,5.1
Niger,2011,Developing,59.4,241,50,0.15,32.22493445,75,771,17.7,93,4,6.66,75,0.7,375.5819866,1764636,1.5,1.3,0.323,4.8
Niger,2010,Developing,58.2,252,50,0.12,5.883760536,7,372,17.3,95,75,6.36,7,0.9,348.151511,16425578,1.7,1.6,0.312,4.5
Niger,2009,Developing,57.1,263,51,0.11,5.665405066,71,801,16.9,99,71,6.98,71,1.1,341.2894618,15813913,11,1.8,0.307,4.2
Niger,2008,Developing,56,272,52,0.12,40.37835666,,1317,16.5,102,68,6.76,67,1.3,354.8185998,15228525,11.2,11,0.298,4
Niger,2007,Developing,55.2,276,53,0.1,35.80929749,,282,16.1,106,57,6.94,57,1.4,292.55962,14668338,11.4,11.3,0.293,3.8
Niger,2006,Developing,54.5,277,54,0.11,43.42193066,,59,15.7,110,52,7.39,51,1.5,258.463873,1413264,11.6,11.5,0.286,3.7
Niger,2005,Developing,53.7,278,55,0.11,3.751715442,,2183,15.4,114,46,7.15,45,1.6,25.383731,13618449,11.9,11.8,0.278,3.5
Niger,2004,Developing,52.9,279,56,0.11,20.86118432,,63057,15,118,45,6.61,43,1.6,232.5661574,1312712,12.1,12,0.27,3.1
Niger,2003,Developing,52.1,28,56,0.1,20.26876572,,54190,14.6,121,44,6.23,41,1.6,215.8548,1265687,12.3,12.2,0.266,3
Niger,2002,Developing,51.4,282,57,0.1,17.58722718,,31584,14.3,124,43,6.55,39,1.6,177.828384,12262,12.5,12.5,0.261,2.9
Niger,2001,Developing,56,283,57,0.11,1.817829717,,61208,13.9,127,42,7.1,36,1.6,165.257247,11771976,12.7,12.7,0.255,2.9
Niger,2000,Developing,50,284,58,0.1,13.35783844,,21319,13.6,128,41,6.1,34,1.5,158.455972,11352973,12.8,12.9,0.253,2.8
Nigeria,2015,Developing,54.5,344,483,,0,49,12423,25.4,747,49,,49,3.7,2655.157977,181181744,9.8,9.7,0.525,10
Nigeria,2014,Developing,53.6,362,490,0.01,263.2111031,49,6855,24.7,759,49,3.67,49,3.9,3221.678128,1764652,1.1,9.9,0.521,10
Nigeria,2013,Developing,53.2,367,498,8.3,194.2032879,46,52852,24.1,773,46,3.7,46,3.9,2996.96432,17182933,1.4,1.2,0.514,9.8
Nigeria,2012,Developing,52.7,374,505,8.54,204.7186256,42,6447,23.5,788,42,3.3,42,4.4,2755.297787,167297284,1.7,1.6,0.507,9.7
Nigeria,2011,Developing,52.3,375,513,8.75,187.5733187,46,18843,22.8,802,48,3.69,48,4.7,2527.9423,16287776,11,1.9,0.5,9.6
Nigeria,2010,Developing,52,374,521,8.9,133.1230872,49,8491,22.2,817,54,3.47,54,4.8,2327.3267,158578261,11.3,11.2,0.492,9.5
Nigeria,2009,Developing,51.6,376,527,9.05,14.5676468,63,1272,21.6,832,66,4.24,63,4.9,197.661422,15442181,11.7,11.6,0.487,9.3
Nigeria,2008,Developing,59,386,536,9.3,105.5910629,41,9960,21,848,6,4,53,5,1383.893354,1534739,12,11.9,0.481,9.2
Nigeria,2007,Developing,55,388,542,9.55,104.4746444,42,2613,2.4,863,54,4.47,42,5.2,1136.829645,14641724,12.3,12.3,0.477,9.1
Nigeria,2006,Developing,49.8,396,549,9.66,10.35779424,27,704,19.9,879,46,3.66,4,5.3,119.743286,14261494,12.6,12.6,0.466,9
Nigeria,2005,Developing,49.2,4,556,9.71,6.416252787,18,110927,19.3,893,45,4.11,36,5.4,87.8938738,138939478,12.9,12.9,0.463,8.9
Nigeria,2004,Developing,48.5,47,563,9.76,57.22555815,,31521,18.8,907,43,4.33,33,5.4,648.815852,135393616,13.2,13.2,0.445,8.5
Nigeria,2003,Developing,48.1,41,567,9.75,30.19550849,,141258,18.3,918,42,4.5,29,5.4,512.65719,131972533,13.5,13.6,0,8.1
Nigeria,2002,Developing,47.7,49,571,9.61,17.137754,,42007,17.8,928,4,2.43,25,5.3,459.4572117,12866671,13.8,13.8,0,7.7
Nigeria,2001,Developing,47.4,48,574,9.58,15.830985,,168107,17.3,936,36,3.25,27,5.1,351.7996666,125463434,14.1,14.1,0,8
Nigeria,2000,Developing,47.1,45,576,9.23,22.48177606,,212183,16.9,943,31,2.84,29,4.9,379.1193264,1223529,14.3,14.4,0,7.6
Rwanda,2015,Developing,66.1,227,11,,0,98,1,21.4,15,99,,98,0.4,71.348397,11629553,5.7,5.7,0.493,10.8
Rwanda,2014,Developing,65.7,23,12,0.01,7.549797238,98,10,2.8,16,98,7.53,98,0.4,76.5699517,11345357,5.8,5.8,0.488,10.8
Rwanda,2013,Developing,65.2,233,12,0.01,11.71090655,98,17,2.1,17,98,7.69,98,0.5,688.8768557,1165151,5.9,5.9,0.485,10.8
Rwanda,2012,Developing,64.6,239,13,0.01,9.774676411,98,75,19.5,18,98,7.68,98,0.7,678.796973,1788853,6.1,6.1,0.475,10.5
Rwanda,2011,Developing,63.8,247,14,8.34,9.074569426,97,31,18.9,20,93,7.71,97,1.3,617.317648,151671,6.3,6.2,0.464,10.2
Rwanda,2010,Developing,62.8,26,16,7.92,63.78723633,97,121,18.3,23,93,7.91,97,2.3,563.491487,1246842,6.5,6.3,0.454,10
Rwanda,2009,Developing,61,288,17,7.11,9.165614959,97,5,17.7,25,93,7.2,97,2.8,539.1538211,9977446,6.6,6.4,0.447,10.2
Rwanda,2008,Developing,68,282,18,6.39,0.661540371,97,6,17.1,28,97,7.66,97,3.7,5.6687264,978169,6.7,6.6,0.438,10.4
Rwanda,2007,Developing,59.6,295,20,6.78,7.409771603,97,26,16.5,30,98,8.49,97,5,44.853339,944742,6.8,6.7,0.424,10.1
Rwanda,2006,Developing,57.6,328,22,6.88,78.47020226,99,494,15.9,34,99,1.2,99,6.2,342.3656294,92658,6.8,6.8,0.404,9.3
Rwanda,2005,Developing,55.3,37,24,7.01,39.44666715,95,129,15.4,38,95,6.83,95,7.1,287.931877,8991735,6.8,7,0.388,8.8
Rwanda,2004,Developing,53.4,397,26,6.75,31.93566186,89,386,14.9,42,89,6.24,89,7.7,236.9114381,8818438,6.9,7.1,0.371,8.2
Rwanda,2003,Developing,52,48,29,6.66,33.30286123,96,1064,14.5,46,96,6.34,96,8.1,212.6619491,868346,7,7.3,0.359,7.6
Rwanda,2002,Developing,57,415,31,7.82,1.9659778,88,2738,14.1,50,85,4.18,88,8,196.59778,853625,7.2,7.4,0.343,7.2
Rwanda,2001,Developing,48.6,438,33,5.72,0.388253772,,896,13.7,54,76,4.38,77,8.1,21.569654,832946,7.4,7.5,0.332,7.1
Rwanda,2000,Developing,48.3,426,34,7.13,18.41791804,,2095,13.2,57,9,4.22,9,8.5,216.172747,82573,7.6,7.7,0.318,6.6
Sao Tome and Principe,2015,Developing,67.5,19,0,,0,96,0,3.9,0,96,,96,0.2,1624.63963,195553,5.5,5.3,0.565,11.2
Sao Tome and Principe,2014,Developing,67.3,191,0,0.01,225.7307751,95,0,3.1,0,95,8.35,95,0.2,1821.878734,191266,5.6,5.4,0.562,11.1
Sao Tome and Principe,2013,Developing,67.1,192,0,0.01,200.6600988,97,0,29.3,0,97,9.76,97,0.2,1619.532678,18745,5.7,5.5,0.559,11
Sao Tome and Principe,2012,Developing,66.9,194,0,0.01,8.198047581,96,0,28.5,0,96,8.6,96,0.5,138.949959,182889,5.9,5.7,0.553,10.8
Sao Tome and Principe,2011,Developing,66.6,198,0,5.69,7.495401346,96,0,27.7,0,96,5.44,96,0.5,134.326189,1788,6,5.9,0.546,10.6
Sao Tome and Principe,2010,Developing,66.2,24,0,5.58,63.04032682,98,0,26.9,0,98,5.24,98,0.5,1129.754961,174776,6.1,6,0.542,10.6
Sao Tome and Principe,2009,Developing,65.8,21,0,4.13,11.13608747,98,0,26.2,0,99,6.65,98,0.9,199.57146,17813,6.3,6.2,0.533,10.1
Sao Tome and Principe,2008,Developing,65.4,215,0,4.36,62.8565863,99,0,25.4,0,99,5.66,99,0.9,1126.46212,166913,6.5,6.4,0.531,10.4
Sao Tome and Principe,2007,Developing,65.1,217,0,4.14,49.93698173,87,0,24.7,0,98,7.44,97,1.2,894.927988,16311,6.7,6.6,0.527,10.3
Sao Tome and Principe,2006,Developing,64.7,22,0,5.46,47.08931143,75,0,24,0,97,7.84,97,1.2,843.89447,159328,6.9,6.8,0.521,10.2
Sao Tome and Principe,2005,Developing,64.3,222,0,5.27,10.8139134,96,0,23.4,0,97,1.4,97,1.6,81.86157,15563,7,7,0.514,10
Sao Tome and Principe,2004,Developing,63.8,224,0,5.78,9.013493879,7,0,22.8,0,99,9.94,96,1.6,693.345683,151969,7.2,7.2,0.509,9.8
Sao Tome and Principe,2003,Developing,63.4,225,0,6.54,86.42744056,43,0,22.2,0,94,11.12,94,1.6,649.342153,148372,7.4,7.4,0.504,9.7
Sao Tome and Principe,2002,Developing,63.1,226,0,5.8,50.80181435,,0,21.7,0,92,1.21,92,1.4,555.8185378,144889,7.6,7.6,0.501,9.6
Sao Tome and Principe,2001,Developing,62.8,225,0,5.02,3.841228575,,0,21.1,0,9,1.28,92,1.5,51.216381,141622,7.8,7.8,0.497,9.4
Sao Tome and Principe,2000,Developing,62.6,224,0,5.07,0,,0,2.7,0,87,8.86,82,1.5,,13866,8,8.1,0.488,9.3
Senegal,2015,Developing,66.7,188,19,,0,89,58,24.3,26,85,,89,0.3,98.7256145,14976994,9.5,9.3,0.491,9.5
Senegal,2014,Developing,66.4,192,19,0.26,12.80528533,89,32,23.8,27,85,4.66,89,0.3,152.443873,14546111,9.7,9.5,0.483,9.1
Senegal,2013,Developing,66,196,20,0.26,11.8385319,92,17,23.2,28,89,4.51,92,0.3,148.912351,141232,9.9,9.7,0.474,8.7
Senegal,2012,Developing,65.6,2,20,0.28,10.20659464,91,46,22.7,29,83,4.31,91,0.4,136.4518,1373513,1,9.9,0.463,8.3
Senegal,2011,Developing,64.9,26,20,0.32,1.431051664,92,18,22.2,31,89,4.42,92,0.4,18.25321,13391,1.2,1.1,0.455,7.9
Senegal,2010,Developing,64.3,212,21,0.28,1.020071763,89,428,21.7,32,76,4.62,89,0.4,11.631377,12916229,1.4,1.3,0.449,7.7
Senegal,2009,Developing,63.5,219,21,0.3,1.177477677,86,999,21.2,33,83,4.81,86,0.5,12.566464,1255917,1.6,1.5,0.444,7.5
Senegal,2008,Developing,62.8,225,22,0.28,1.08833088,88,6,2.8,34,87,4.94,88,0.6,11.33678,1223957,1.8,1.7,0.435,7.1
Senegal,2007,Developing,62.1,23,22,0.32,8.309152927,94,11,2.3,36,93,4.72,94,0.7,95.3978522,11873557,11,1.9,0.425,6.8
Senegal,2006,Developing,61.3,236,23,0.34,10.43022617,89,3,19.9,38,89,5.44,89,0.7,89.838296,11556763,11.2,11.1,0.422,6.6
Senegal,2005,Developing,65,242,23,0.33,96.03725103,84,0,19.5,40,84,5.35,84,0.7,773.8698713,11251266,11.4,11.3,0.415,6.4
Senegal,2004,Developing,59.7,247,24,0.35,66.02236299,54,31,19.1,42,87,5.68,87,0.7,733.581811,1955944,11.6,11.5,0.408,6.2
Senegal,2003,Developing,59,251,25,0.33,62.21977893,,1519,18.7,44,73,5.4,73,0.7,642.7663113,16799,11.8,11.7,0.401,5.9
Senegal,2002,Developing,58.4,252,25,0.36,49.73511396,,18184,18.3,47,6,5.6,6,0.7,513.26227,1396861,12,11.9,0.397,5.7
Senegal,2001,Developing,57.9,251,26,0.34,6.064221202,,24789,17.9,49,49,4.98,52,0.6,481.287397,1134497,12.1,12.1,0.381,5.4
Senegal,2000,Developing,57.5,25,27,0.29,5.397368532,,5839,17.5,50,49,4.63,52,0.5,473.45338,988452,12.3,12.3,0.378,5.2
Seychelles,2015,Developing,73.2,168,0,,0,98,0,37.4,0,97,,97,0.1,1539.464,93419,5.7,6,0.781,14.1
Seychelles,2014,Developing,73,17,0,0.01,151.1045552,99,0,36.2,0,99,3.37,99,0.1,1557.77892,91359,5.7,6,0.766,13.2
Seychelles,2013,Developing,72.9,172,0,0.01,1521.672751,99,0,35.5,0,98,3.58,98,0.1,15687.34795,89949,5.7,6.1,0.762,13.5
Seychelles,2012,Developing,72.7,174,0,0.01,177.2633961,99,0,34.8,0,98,4.8,98,0.1,12845.17363,8833,5.7,6.1,0.755,13.5
Seychelles,2011,Developing,72.6,177,0,9.72,1121.475547,99,0,34.2,0,99,3.38,99,0.1,12189.9516,87441,5.7,6.1,0.744,13.3
Seychelles,2010,Developing,72.4,18,0,6.51,16.49232317,99,0,33.5,0,99,3.59,99,0.1,184.68447,8977,5.8,6.2,0.74,13.2
Seychelles,2009,Developing,72.3,182,0,4.94,75.2256582,99,0,32.4,0,99,2.64,99,0.1,976.9566,87298,5.8,6.2,0.739,13.2
Seychelles,2008,Developing,72.2,184,0,6.33,701.8526364,99,0,31.8,0,99,2.64,99,0.1,11122.8627,86956,5.9,6.3,0.739,13.2
Seychelles,2007,Developing,72.2,185,0,8.12,916.4741775,99,1,31.2,0,99,3.3,99,0.1,12154.82994,8533,5.9,6.3,0.733,13.1
Seychelles,2006,Developing,72.2,185,0,8.12,102.373909,99,10,3.7,0,99,3.73,99,0.1,1214.39987,846,5.9,6.3,0.728,13.1
Seychelles,2005,Developing,72.2,185,0,7.82,21.4653132,99,0,3.1,0,99,3.91,99,0.1,1192.5174,82858,6,6.4,0.712,12.1
Seychelles,2004,Developing,72.1,186,0,7.91,12.94324581,99,0,29.2,0,99,4.17,99,0.1,1176.65871,82475,6,6.4,0.715,12.3
Seychelles,2003,Developing,72.1,185,0,7.41,843.1186662,99,0,28.7,0,99,4.64,99,0.1,8524.961236,82781,6.1,6.5,0.713,12.1
Seychelles,2002,Developing,72.1,186,0,11.15,562.3601848,99,0,28.1,0,99,4.21,99,0.1,8331.261997,83723,6.1,6.6,0.712,12.1
Seychelles,2001,Developing,72,187,0,6.72,643.7035752,96,0,27.6,0,96,4.45,96,0.1,7663.1378,8122,6.2,6.6,0.714,12.2
Seychelles,2000,Developing,71.8,188,0,8.24,601.7608115,98,0,27.1,0,98,4.62,98,0.1,7578.85153,81131,6.3,6.7,0,12.3
Sierra Leone,2015,Developing,51,413,22,,0,86,607,24.4,30,86,,86,0.5,587.538233,723725,7.4,7.3,0.431,9.5
Sierra Leone,2014,Developing,48.1,463,23,0.01,1.443286353,83,1006,23.8,32,83,11.9,83,0.6,78.4394757,779162,7.5,7.4,0.426,9.5
Sierra Leone,2013,Developing,54,47,23,0.01,1.321464076,92,15,23.3,33,92,11.59,92,0.8,71.8186998,692279,7.7,7.6,0.413,9.3
Sierra Leone,2012,Developing,49.7,411,25,0.01,54.56033696,91,678,22.7,35,91,11.24,91,0.9,561.8984239,676613,7.9,7.8,0.401,9.1
Sierra Leone,2011,Developing,48.9,418,26,3.78,54.6659175,89,1865,22.2,38,88,11.98,89,1.3,445.525,6611692,8.1,8,0.392,8.9
Sierra Leone,2010,Developing,48.1,424,27,3.84,5.347717533,86,1089,21.7,40,84,1.32,86,1.6,45.128418,645872,8.3,8.2,0.384,8.7
Sierra Leone,2009,Developing,47.1,433,28,3.97,49.8371267,84,31,21.2,42,81,13.13,84,1.7,394.5932439,63126,8.5,8.4,0.375,8.5
Sierra Leone,2008,Developing,46.2,441,29,3.91,5.379606465,77,44,2.7,44,75,1.29,77,1.9,46.3759178,6165372,8.7,8.7,0.367,8.3
Sierra Leone,2007,Developing,45.3,45,29,3.86,45.57108889,63,0,2.2,45,63,1.12,64,2.2,358.8274716,615417,8.9,8.9,0.357,8.2
Sierra Leone,2006,Developing,44.3,464,30,3.8,38.00075788,,33,19.7,46,65,1.68,64,2.2,322.313468,5848692,9.1,9.1,0.348,8
Sierra Leone,2005,Developing,43.3,48,30,3.83,42.08892911,,29,19.2,47,67,12.25,65,2.2,287.6891942,5658379,9.3,9.3,0.341,7.8
Sierra Leone,2004,Developing,42.3,496,30,3.99,38.52454761,,7,18.8,47,69,11.66,65,2.1,263.145817,5439695,9.5,9.5,0.332,7.6
Sierra Leone,2003,Developing,41.5,57,30,4.07,38.61473209,,586,18.4,47,66,11.69,73,1.9,263.7618312,5199549,9.7,9.8,0.322,7.4
Sierra Leone,2002,Developing,48,513,30,4.06,36.59114895,,568,17.9,48,54,11.96,53,1.7,249.939542,4957216,9.9,1,0.306,7.2
Sierra Leone,2001,Developing,41,519,30,4.21,33.34691455,,649,17.5,48,38,11.83,38,1.5,227.779471,4739147,1.1,1.2,0.302,7
Sierra Leone,2000,Developing,39,533,29,3.97,20.39568283,,3575,17.2,48,46,13.63,44,1.2,139.3147734,4564297,1.3,1.4,0.292,6.7
Somalia,2015,Developing,55,312,50,,0,42,7497,24.3,80,47,,42,0.7,426.98537,,6.6,6.4,,
Somalia,2014,Developing,54.3,321,51,0.01,0,42,10229,23.8,80,47,,42,0.8,417.89143,,6.7,6.5,,
Somalia,2013,Developing,54.2,318,51,0.01,0,42,3173,23.3,81,47,,42,0.8,47.5432354,,6.8,6.6,,
Somalia,2012,Developing,53.1,336,51,0.01,0,,9983,22.9,82,47,,42,0.8,,,6.8,6.7,,
Somalia,2011,Developing,53.1,329,51,0.01,0,,17298,22.4,82,49,,41,0.8,,,6.9,6.7,,
Somalia,2010,Developing,52.4,336,52,0.01,0,,115,22,83,49,,45,0.8,,,7,6.8,,
Somalia,2009,Developing,52.2,335,52,0.01,0,,13,21.5,84,41,,42,0.8,,,7.1,6.9,,
Somalia,2008,Developing,51.9,336,52,0.01,0,,1081,21.1,84,4,,31,0.9,,,7.2,7,,
Somalia,2007,Developing,51.5,34,52,0.01,0,,1149,2.7,84,4,,4,0.9,,,7.3,7.1,,
Somalia,2006,Developing,51.5,337,51,0.01,0,,7,2.2,83,26,,26,0.9,,,7.4,7.2,,
Somalia,2005,Developing,51.6,334,50,0.01,0,,0,19.8,82,35,,35,0.9,,,7.5,7.3,,
Somalia,2004,Developing,51.2,341,49,0.01,0,,12008,19.4,80,3,,3,0.9,,,7.6,7.4,,
Somalia,2003,Developing,51.1,344,48,0.01,0,,8257,19,78,4,,4,0.9,,,7.7,7.5,,
Somalia,2002,Developing,58,348,47,0.01,0,,9559,18.6,77,4,,4,0.9,,,7.8,7.6,,
Somalia,2001,Developing,57,352,46,0.01,0,,3571,18.2,75,33,,33,0.8,,,7.9,7.7,,
Somalia,2000,Developing,55,355,45,0.01,0,,3965,17.8,74,37,,33,0.8,,,8,7.9,,
South Africa,2015,Developing,62.9,328,42,,0,75,17,51.1,52,75,,75,3.6,5769.77258,5511976.68,4.4,5.3,0.665,13
South Africa,2014,Developing,62,347,42,7.38,922.0507313,8,66,5.3,52,77,8.8,77,3.7,6479.625659,54146734.74,4.9,5.9,0.66,13
South Africa,2013,Developing,69,371,43,7.34,978.5905287,7,25,49.5,54,73,8.78,73,4.5,6876.953821,53311955.61,5.4,6.5,0.652,12.8
South Africa,2012,Developing,59.2,48,43,7.38,1089.954838,68,32,48.7,56,65,8.79,65,7.6,7548.163698,5256515.8,6,7.3,0.644,12.8
South Africa,2011,Developing,58.9,413,43,7.38,123.753335,76,92,47.9,58,69,8.61,69,8.5,849.954224,51729345.36,6.6,8,0.638,12.8
South Africa,2010,Developing,58,428,43,7.28,1038.885632,71,12499,47.2,62,72,8.5,72,11,7362.76139,5979432.36,7.3,8.9,0.63,12.8
South Africa,2009,Developing,56.5,449,46,7.6,782.5987144,74,5857,46.4,70,75,8.39,76,19,5888.6284,5255813.11,8.1,9.8,0.622,12.8
South Africa,2008,Developing,55.3,473,50,8.19,780.0336423,76,39,45.7,75,77,7.75,79,23.5,5786.59972,49557573.3,8.9,1.7,0.616,12.9
South Africa,2007,Developing,54.5,486,51,8.48,805.490079,83,31,45,79,79,7.53,82,26.4,6125.39984,48883844.99,9.7,11.7,0.612,12.9
South Africa,2006,Developing,54,496,54,8.5,732.1255305,83,81,44.3,82,79,7.57,82,28.1,5631.73485,4823384.48,1.6,12.8,0.609,12.9
South Africa,2005,Developing,53.8,498,55,8.69,709.3170967,79,615,43.6,84,75,7.77,79,29.5,5414.634326,476667.24,11.6,13.9,0.609,12.9
South Africa,2004,Developing,53.7,497,55,6.96,622.043809,76,830,42.9,83,73,7.93,74,29.7,4863.51688,4717.99,12.6,15,0.611,12.9
South Africa,2003,Developing,54,485,55,6.93,519.1563781,71,244,42.2,82,7,8.26,69,28.9,3775.68275,46418193.9,13.5,16.1,0.613,12.9
South Africa,2002,Developing,54.9,459,54,7.04,346.5316007,72,1043,41.6,79,7,8.9,7,26.6,2518.398261,45855482.88,14.5,17.1,0.62,12.9
South Africa,2001,Developing,56,429,52,7.38,365.2585722,72,1166,4.9,76,71,8.31,71,24,2681.781,45312937,15.4,18.1,0.629,13
South Africa,2000,Developing,57.3,397,51,7.3,45.96380839,73,1459,4.1,73,71,8.7,73,21.3,337.2253,44896856,16.3,19.1,0.635,13
South Sudan,2015,Developing,57.3,332,26,,0,31,878,,39,41,,31,3.4,758.725782,11882136,,,0.421,4.9
South Sudan,2014,Developing,56.6,343,26,,46.0744686,,441,,39,44,2.74,39,3.5,1151.861715,1153971,,,0.421,4.9
South Sudan,2013,Developing,56.4,345,26,,47.44453,,525,,40,5,2.62,45,3.6,1186.11325,1117749,,,0.417,4.9
South Sudan,2012,Developing,56,347,26,,38.3382324,,1952,,40,64,2.77,59,3.8,958.45581,1818258,,,0.419,4.9
South Sudan,2011,Developing,55.4,355,27,,0,,1256,,41,66,,61,3.9,176.9713,1448857,,,0.429,4.9
South Sudan,2010,Developing,55,359,27,,0,,0,,41,,,,4,1562.239346,167192,,,0,0
South Sudan,2009,Developing,54.3,369,27,,0,,0,,42,,,,4.2,1264.78998,967667,,,0,0
South Sudan,2008,Developing,53.6,377,27,,0,,0,,42,,,,4.2,1678.711862,9263136,,,0,0
South Sudan,2007,Developing,53.1,381,27,,0,,0,,43,,,,4.2,,88568,,,0,0
South Sudan,2006,Developing,52.5,383,28,,0,,0,,43,,,,4.1,,8468152,,,0,0
South Sudan,2005,Developing,51.9,383,28,,0,,0,,44,,,,3.9,,818877,,,0,0
South Sudan,2004,Developing,51.4,383,29,,0,,0,,45,,,,3.8,,7787655,,,0,0
South Sudan,2003,Developing,58,383,29,,0,,0,,46,,,,3.5,,751642,,,0,0
South Sudan,2002,Developing,52,382,30,,0,,0,,48,,,,3.3,,7237276,,,0,0
South Sudan,2001,Developing,49.6,381,30,,0,,0,,49,,,,3,,6974442,,,0,0
South Sudan,2000,Developing,48.9,38,31,,0,,0,,50,,,,2.7,,67656,,,0,0
Sudan,2015,Developing,64.1,225,58,,0,93,3585,,85,93,,93,0.3,2513.884661,3864783,,,0.488,7.2
Sudan,2014,Developing,63.8,229,59,0.01,253.6086508,94,676,,86,94,8.43,94,0.3,2176.89829,37737913,,,0.485,7.2
Sudan,2013,Developing,63.5,232,60,0.01,227.8353208,93,2813,,88,93,8.42,93,0.3,1955.66799,36849918,,,0.478,7
Sudan,2012,Developing,63.2,235,61,0.01,220.522192,92,8523,,89,92,8.2,92,0.3,1892.894352,3599192,,,0.468,6.8
Sudan,2011,Developing,62.7,241,61,2.12,196.6892153,93,5616,,91,93,8.3,93,0.3,1666.857757,35167314,,,0.463,7
Sudan,2010,Developing,62.5,243,62,1.77,172.0097884,75,680,,92,9,7.97,9,0.3,1476.47887,34385963,,,0.461,7
Sudan,2009,Developing,62,248,63,1.99,17.0536929,72,68,,94,81,8.4,81,0.3,1226.884381,3365619,,,0.456,6.8
Sudan,2008,Developing,61.8,251,64,2.01,128.6362711,78,129,,95,85,8.17,86,0.3,1291.528826,32955496,,,0.444,6.3
Sudan,2007,Developing,61.4,254,65,2.01,86.13166944,78,327,,97,84,4.72,84,0.3,1115.6952,32282526,,,0.44,6.4
Sudan,2006,Developing,61,26,66,1.9,60.3368571,6,228,,99,77,3.93,78,0.2,893.8793645,316764,,,0.43,6.2
Sudan,2005,Developing,67,261,66,1.55,37.59039592,22,1374,,101,78,3.18,78,0.2,679.7539949,3911914,,,0.423,6.1
Sudan,2004,Developing,59.7,278,68,1.59,37.04479956,,9562,,102,74,3.39,74,0.2,565.569459,3186341,,,0.415,5.7
Sudan,2003,Developing,59.6,278,69,1.74,35.35264737,,4381,,104,69,3.18,69,0.2,477.738478,29435944,,,0.409,5.6
Sudan,2002,Developing,59.4,277,70,1.59,30.62287548,,4529,,106,6,2.95,6,0.2,412.1517561,28679565,,,0.403,5.6
Sudan,2001,Developing,58.9,283,71,1.81,28.88069657,,4362,,108,66,2.96,66,0.2,377.5254454,279455,,,0.399,5.6
Sudan,2000,Developing,58.6,284,71,1.76,30.86000992,,2875,,109,62,3.23,62,0.1,361.35843,2725535,,,0.394,5.5
Swaziland,2015,Developing,58.9,373,2,,0,9,0,32.3,3,84,,9,7.1,3136.92511,131911,4,4.1,0.541,11.4
Swaziland,2014,Developing,58.4,382,2,0.01,574.3895102,98,0,31.8,3,98,9.25,98,7.3,3464.35169,129597,4.3,4.3,0.541,11.4
Swaziland,2013,Developing,57.6,393,2,0.01,708.9556648,98,0,31.2,3,98,9.66,98,9.8,3598.75972,1271456,4.5,4.6,0.539,11.4
Swaziland,2012,Developing,56.5,412,2,0.01,720.2333929,95,0,3.7,3,92,8.76,95,12.2,3851.51547,1248158,4.8,4.9,0.534,11.3
Swaziland,2011,Developing,55,438,2,5.2,735.7090978,91,0,3.2,3,85,8.61,91,15.7,3934.27325,1225258,5.1,5.2,0.526,11.2
Swaziland,2010,Developing,53.6,459,2,4.93,56.93670561,89,313,29.7,4,89,8.47,89,21.6,369.239336,122843,5.4,5.6,0.523,11
Swaziland,2009,Developing,52.6,46,3,4.9,47.6164523,88,26,29.3,4,89,8.46,88,33.7,332.517125,118675,5.8,5.9,0.519,10.8
Swaziland,2008,Developing,51.4,477,3,4.87,413.0063027,9,1,28.9,4,89,8.19,88,40.2,2842.438422,1158897,6.1,6.3,0.514,10.6
Swaziland,2007,Developing,50,51,3,5.55,43.3664999,92,0,28.5,4,88,7.5,87,40.7,347.48798,1138434,6.5,6.7,0.508,10.5
Swaziland,2006,Developing,47.8,564,3,5.53,437.0802438,93,0,28.2,4,88,6.81,87,43.7,2937.36723,112514,6.9,7.1,0.502,9.9
Swaziland,2005,Developing,46,63,3,5.08,372.1651473,95,0,27.8,4,88,6.8,86,49.1,2873.862141,115873,7.3,7.5,0.495,9.7
Swaziland,2004,Developing,45.6,69,3,5.78,37.43857664,93,0,27.4,4,88,5.88,86,50.3,2529.633557,19553,7.7,7.9,0.492,9.4
Swaziland,2003,Developing,45.9,6,3,5.65,2.819124474,9,350,27.1,4,87,5.71,85,50.6,22.99449,187392,8.2,8.4,0.493,9.1
Swaziland,2002,Developing,46.4,587,3,5.52,131.0421269,88,37,26.7,4,87,5.16,85,49.9,1324.996228,1893,8.6,8.8,0.502,9.2
Swaziland,2001,Developing,47.1,568,3,6.72,143.6197316,86,49,26.3,4,87,5.11,84,48.8,1437.634951,172927,9,9.2,0.506,9.3
Swaziland,2000,Developing,48.4,536,3,7.19,25.21683318,83,10,25.9,4,87,5.26,84,46.4,1637.4567,161468,9.4,9.6,0.516,9.4
Togo,2015,Developing,59.9,287,13,,0,88,20,24.3,20,88,,88,1,551.138346,741682,6.5,6.2,0.484,12
Togo,2014,Developing,59.7,285,13,0.01,4.877350139,87,577,23.7,20,85,5.25,87,1,62.1318489,7228915,6.6,6.4,0.475,12
Togo,2013,Developing,59.4,287,14,0.01,48.73047089,84,564,23.1,20,84,5.12,84,1.5,579.43485,742948,6.8,6.6,0.47,12
Togo,2012,Developing,58.9,294,14,0.01,41.60027954,84,238,22.6,21,84,5.11,84,1.7,563.6894247,6859482,7,6.8,0.464,12
Togo,2011,Developing,58.3,34,14,1.44,39.08258546,85,187,22,21,85,5.21,85,2.6,562.3393592,6679282,7.1,7,0.457,11.5
Togo,2010,Developing,57.4,323,14,1.21,41.96145465,83,120,21.4,21,83,5.37,83,3.8,487.9238913,652952,7.3,7.2,0.449,11
Togo,2009,Developing,56.7,336,14,1.24,77.09551224,78,425,2.9,22,78,6.64,78,4.3,499.6468713,633472,7.5,7.4,0.442,10.6
Togo,2008,Developing,56.2,344,14,1.33,69.35924758,24,187,2.4,22,8,5.73,81,4.8,513.391914,6161796,7.7,7.6,0.441,10.1
Togo,2007,Developing,55.9,344,14,1.37,0.675682939,,8,19.8,22,72,5.55,82,5.1,42.764743,5997385,7.9,7.8,0.443,10.6
Togo,2006,Developing,55.7,345,15,1.37,6.226048785,,26,19.3,22,85,5.56,84,5,377.33629,5837792,8.1,8,0.436,10.2
Togo,2005,Developing,55,357,15,1.14,36.62174288,,38,18.9,22,8,5.17,82,5,372.1721837,5683268,8.4,8.3,0.435,10.1
Togo,2004,Developing,54.9,355,15,1.01,3.989928468,,61,18.4,22,71,5.6,71,5.1,349.9937253,5534598,8.6,8.5,0.432,10
Togo,2003,Developing,54.7,355,15,1.02,2.995959823,,295,17.9,22,72,5,72,5.2,31.437144,539141,8.8,8.7,0.428,9.9
Togo,2002,Developing,54.7,351,15,1,1.995182912,,363,17.5,22,58,4.7,59,5.3,28.832123,5251472,9,8.9,0.428,9.7
Togo,2001,Developing,54.6,345,14,0.95,2.048574874,,1833,17.1,22,51,4.29,5,5.3,26.6394652,511177,9.2,9.1,0.426,9.4
Togo,2000,Developing,54.6,339,14,1.1,2.02964427,,3578,16.6,22,63,4.35,64,5.1,26.3932935,497367,9.4,9.3,0.425,9.3
Tunisia,2015,Developing,75.3,1,3,,0,98,16,61.2,3,98,,98,0.1,3828.91589,11273661,6.5,6.4,0.723,14.6
Tunisia,2014,Developing,75.1,12,3,1.39,604.8701316,98,15,6.2,3,98,7,98,0.1,4271.68172,1114398,6.5,6.4,0.722,14.7
Tunisia,2013,Developing,74.9,13,3,1.29,594.6453102,98,16,59.3,3,98,7.26,98,0.1,4199.47253,1114558,6.4,6.3,0.72,14.7
Tunisia,2012,Developing,74.9,13,3,1.3,585.8776761,97,48,58.3,3,97,7.18,97,0.1,4137.55421,1886668,6.4,6.3,0.717,14.6
Tunisia,2011,Developing,74.8,13,3,1.29,623.2120325,98,11,57.4,3,98,7.15,98,0.1,4256.91279,1761467,6.4,6.3,0.714,14.5
Tunisia,2010,Developing,74.8,12,3,1.28,64.85616718,98,1,56.5,3,98,6.54,98,0.1,414.15177,1639931,6.3,6.3,0.71,14.4
Tunisia,2009,Developing,74.7,12,3,1.4,585.6307861,99,1,55.6,3,99,6.18,99,0.1,4129.977335,1521834,6.3,6.3,0.706,14.4
Tunisia,2008,Developing,74.7,12,3,1.37,53.08451654,99,2,54.7,3,99,5.63,99,0.1,431.9326,147336,6.3,6.3,0.701,14.3
Tunisia,2007,Developing,74.6,12,3,1.24,469.6282925,98,4,53.9,4,98,5.64,98,0.1,3778.184171,129887,6.3,6.3,0.695,14.3
Tunisia,2006,Developing,74.4,12,3,1.46,420.1153538,99,3,53.1,4,99,5.64,99,0.1,3371.71231,1196136,6.3,6.3,0.689,14.2
Tunisia,2005,Developing,74.2,14,3,1.37,379.5139945,97,15,52.2,4,98,5.57,98,0.1,3194.562243,112482,6.4,6.3,0.683,13.9
Tunisia,2004,Developing,74,15,3,1.36,379.7659054,96,1,51.4,4,97,5.63,97,0.1,3112.83529,11761,6.4,6.3,0.673,13.6
Tunisia,2003,Developing,73.7,17,4,1.34,321.7694175,92,22,5.6,4,95,5.36,95,0.1,2761.969249,9939678,6.4,6.3,0.667,13.5
Tunisia,2002,Developing,73.5,19,4,1.17,262.8184944,93,98,49.7,5,96,5.32,96,0.1,2346.5937,9864326,6.5,6.4,0.662,13.3
Tunisia,2001,Developing,73.2,11,4,1.19,257.2878697,94,231,48.9,5,98,5.29,98,0.1,2254.933126,978571,6.5,6.4,0.654,13.1
Tunisia,2000,Developing,72.9,112,4,1.21,264.7842196,94,47,48.1,5,97,5.4,97,0.1,2213.91488,9699197,6.6,6.5,0.646,12.8
Uganda,2015,Developing,62.3,291,66,,0,78,478,18.5,93,82,,78,3.1,693.8963829,414487,5.6,5.6,0.488,10
Uganda,2014,Developing,61.5,38,68,0.01,14.16770158,78,314,18.1,97,82,7.22,78,3.2,719.172669,38833338,5.7,5.6,0.483,10
Uganda,2013,Developing,67,325,71,0.01,90.76144414,78,7878,17.6,103,82,7.47,78,4,662.492293,37553726,5.7,5.7,0.478,10
Uganda,2012,Developing,60,339,73,0.01,92.88697859,78,2027,17.2,109,82,7.58,78,4.6,647.74741,3636796,5.8,5.8,0.477,10
Uganda,2011,Developing,59.3,347,76,10.22,94.49686776,82,3312,16.7,114,82,9.9,82,6.8,584.3962137,3593648,5.9,5.9,0.477,10.7
Uganda,2010,Developing,58.4,362,79,10.03,116.202964,8,1313,16.3,119,79,11.2,8,8,594.9972557,33915133,6,6,0.473,10.9
Uganda,2009,Developing,57.5,378,82,9.63,87.04534954,79,1601,15.9,124,78,8.43,79,8.1,647.17732,32771895,6.1,6.1,0.464,10.8
Uganda,2008,Developing,56.3,41,84,9.79,72.85023656,71,1319,15.6,130,69,9.1,71,8.2,449.6928183,31663896,6.2,6.2,0.453,10.6
Uganda,2007,Developing,55.5,41,88,9.65,6.002527685,73,3776,15.2,137,7,9.76,73,8.4,41.858631,359487,6.3,6.3,0.442,10.3
Uganda,2006,Developing,54.9,41,93,9.81,50.83901418,64,5736,14.8,145,62,9.86,64,8.6,336.4593923,2955662,6.4,6.4,0.434,10.6
Uganda,2005,Developing,53.2,446,99,10.09,44.52614001,64,22,14.5,155,59,9.36,64,8.7,315.788227,2854394,6.5,6.5,0.429,10.9
Uganda,2004,Developing,51.3,485,104,9.89,36.60609252,62,141,14.2,164,58,8.9,62,8.9,288.236949,27568436,6.6,6.6,0.427,11.6
Uganda,2003,Developing,51,53,109,10.16,4.426792406,44,29429,13.9,173,57,7.54,59,9.4,237.9995917,2662482,6.7,6.7,0.418,11.5
Uganda,2002,Developing,48.8,523,112,10.42,2.690897842,29,49871,13.6,181,57,7.78,57,10,24.2423229,2571848,6.8,6.8,0.404,11
Uganda,2001,Developing,47.7,539,115,10.57,26.97625217,,48543,13.3,187,56,7.26,55,10.8,234.984775,24854892,6.9,6.9,0.396,10.8
Uganda,2000,Developing,46.6,554,116,10.47,22.59447461,,42554,13,191,55,6.77,52,11.6,257.63369,2439274,7,7,0.382,9.8
United Republic of Tanzania,2015,Developing,61.8,279,85,,0,98,30,23.8,119,96,,98,1.4,,,6.7,6.5,,
United Republic of Tanzania,2014,Developing,67,34,86,0.01,0,97,88,23.2,121,97,5.58,97,1.4,,,6.8,6.6,,
United Republic of Tanzania,2013,Developing,59.7,323,86,4.2,0,91,185,22.5,124,91,5.57,91,2.1,,,6.8,6.7,,
United Republic of Tanzania,2012,Developing,58.6,348,87,3.98,0,92,1668,21.9,126,9,5.72,92,2.4,,,6.9,6.8,,
United Republic of Tanzania,2011,Developing,58.3,348,88,4.04,0,9,1622,21.3,128,88,5.72,9,3.1,,,7,6.9,,
United Republic of Tanzania,2010,Developing,57.5,36,89,4.19,0,91,167,2.7,131,94,5.3,91,4.6,,,7.1,7.1,,
United Republic of Tanzania,2009,Developing,56.9,368,91,3.97,0,85,1574,2.2,135,88,3.97,85,6.4,,,7.2,7.2,,
United Republic of Tanzania,2008,Developing,56.2,376,92,3.44,0,86,3413,19.6,138,89,4.21,86,7.4,,,7.3,7.3,,
United Republic of Tanzania,2007,Developing,54.5,411,94,4.4,0,83,7726,19.1,141,88,4.72,83,8.5,,,7.5,7.4,,
United Republic of Tanzania,2006,Developing,53.1,437,96,4.07,0,9,2362,18.6,145,91,6.86,9,9.4,,,7.6,7.5,,
United Republic of Tanzania,2005,Developing,52.2,449,97,3.94,0,9,23,18.1,149,91,4.66,9,10,,,7.7,7.6,,
United Republic of Tanzania,2004,Developing,51.5,454,100,3.81,0,95,1419,17.7,154,95,4.1,95,10.8,,,7.8,7.8,,
United Republic of Tanzania,2003,Developing,58,459,103,2.34,0,95,1673,17.2,160,97,4.6,95,11.5,,,7.9,7.9,,
United Republic of Tanzania,2002,Developing,52,46,106,3.37,0,89,5131,16.8,166,91,3.59,89,12.1,,,8,8,,
United Republic of Tanzania,2001,Developing,49.6,46,110,4.09,0,,11847,16.4,173,65,3.28,87,12.5,,,8.2,8.1,,
United Republic of Tanzania,2000,Developing,49.2,457,114,3.89,0,,14649,16,181,64,2.64,79,12.8,,,8.3,8.3,,
Zambia,2015,Developing,61.8,33,27,,0,9,9,23.4,40,9,,9,4.1,1313.889646,161587,6.3,6.1,0.576,12.5
Zambia,2014,Developing,61.1,314,28,0.01,196.6675768,86,9,22.8,41,78,4.99,86,4.3,1738.8822,1562974,6.3,6.2,0.57,12.5
Zambia,2013,Developing,63,328,29,2.41,20.62306285,79,35,22.3,42,74,4.99,79,4.8,185.793359,1515321,6.4,6.2,0.565,12.5
Zambia,2012,Developing,59.2,349,29,2.59,196.9152496,78,896,21.7,43,7,4.91,78,5.6,1734.93612,14699937,6.5,6.3,0.554,12.3
Zambia,2011,Developing,58.2,366,29,2.57,183.0461695,81,13234,21.2,44,83,4.26,81,6.3,1644.619672,14264756,6.6,6.4,0.543,12
Zambia,2010,Developing,58,363,30,2.47,184.3649102,83,15754,2.7,45,8,4.41,83,6.8,1463.213573,138533,6.7,6.5,0.533,11.8
Zambia,2009,Developing,57.4,368,30,2.3,143.8698873,94,26,2.2,47,93,4.73,94,9.1,1139.11233,13456417,6.7,6.6,0.518,11.6
Zambia,2008,Developing,55.7,45,31,2.12,153.6783754,87,140,19.7,49,9,4.87,87,11.9,1369.68249,1382517,6.8,6.7,0.504,11.4
Zambia,2007,Developing,52.6,487,32,2.08,10.85148218,8,535,19.2,51,77,4.37,8,13.6,114.587985,12725974,6.9,6.8,0.492,11.1
Zambia,2006,Developing,58,526,33,2.25,1.860003739,81,459,18.8,52,83,6.11,81,15.9,13.154199,12383446,7,6.9,0.479,10.9
Zambia,2005,Developing,49.3,554,34,2.33,121.879331,82,45,18.4,55,84,7.56,82,17,691.3178164,1252156,7.1,7,0.467,10.7
Zambia,2004,Developing,47.9,578,36,2.46,8.369851529,,35,18,59,84,7.33,83,17.6,53.2772217,11731746,7.2,7.1,0.456,10.5
Zambia,2003,Developing,46.4,64,39,2.33,65.78997404,,881,17.6,62,85,8.18,83,18.2,429.1583434,11421984,7.3,7.2,0.443,10.2
Zambia,2002,Developing,45.5,69,41,2.44,54.04348047,,25036,17.3,66,85,6.93,84,18.4,377.135244,111249,7.4,7.3,0.433,10
Zambia,2001,Developing,44.6,611,43,2.61,46.83027463,,16997,17.1,70,86,6.56,85,18.6,378.2736238,1824125,7.4,7.4,0.424,9.8
Zambia,2000,Developing,43.8,614,44,2.62,45.61688038,,30930,16.8,72,85,7.16,85,18.7,341.955625,1531221,7.5,7.5,0.418,9.6
Zimbabwe,2015,Developing,67,336,22,,0,87,0,31.8,32,88,,87,6.2,118.69383,15777451,5.6,5.5,0.507,10.3
Zimbabwe,2014,Developing,59.2,371,23,6.5,10.82259524,91,0,31.3,34,92,6.44,91,6.3,127.47462,15411675,5.9,5.7,0.498,10.3
Zimbabwe,2013,Developing,58,399,25,6.39,10.66670728,95,0,3.8,36,95,6.88,95,6.8,111.227396,155456,6.2,6,0.488,10.4
Zimbabwe,2012,Developing,56.6,429,26,6.09,92.60233636,97,0,3.3,39,95,6.69,95,8.8,955.648466,1471826,6.5,6.4,0.464,9.8
Zimbabwe,2011,Developing,54.9,464,28,6,63.75053034,94,0,29.9,42,93,6.31,93,13.3,839.927936,14386649,6.8,6.7,0.452,10.1
Zimbabwe,2010,Developing,52.4,527,29,5.21,53.30858081,9,9696,29.4,44,89,5.37,89,15.7,713.63562,1486317,7.1,7,0.436,10
Zimbabwe,2009,Developing,50,587,30,4.64,1.040021112,73,853,29,45,69,6.26,73,18.1,65.824121,1381599,7.5,7.4,0.419,9.9
Zimbabwe,2008,Developing,48.2,632,30,3.56,20.84342867,75,0,28.6,46,75,4.96,75,20.5,325.678573,13558469,7.8,7.8,0.421,9.7
Zimbabwe,2007,Developing,46.6,67,29,3.88,29.81456607,72,242,28.2,46,73,4.47,73,23.7,396.9982166,1332999,8.2,8.2,0.414,9.6
Zimbabwe,2006,Developing,45.4,7,28,4.57,34.26216876,68,212,27.9,45,71,5.12,7,26.8,414.796232,13124267,8.6,8.6,0.408,9.5
Zimbabwe,2005,Developing,44.6,717,28,4.14,8.7174087,65,420,27.5,43,69,6.44,68,30.3,444.76575,129432,9,9,0.406,9.3
Zimbabwe,2004,Developing,44.3,723,27,4.36,0,68,31,27.1,42,67,7.13,65,33.6,454.366654,12777511,9.4,9.4,0.407,9.2
Zimbabwe,2003,Developing,44.5,715,26,4.06,0,7,998,26.7,41,7,6.52,68,36.7,453.3511552,12633897,9.8,9.9,0.418,9.5
Zimbabwe,2002,Developing,44.8,73,25,4.43,0,73,304,26.3,40,73,6.53,71,39.8,57.34834,125525,1.2,1.3,0.427,10
Zimbabwe,2001,Developing,45.3,686,25,1.72,0,76,529,25.9,39,76,6.16,75,42.1,548.587312,12366165,1.6,1.7,0.427,9.8
Zimbabwe,2000,Developing,46,665,24,1.68,0,79,1483,25.5,39,78,7.1,78,43.5,547.3588785,12222251,11,11.2,0.434,9.8
